"","X","Y","area_km2"
"1",579.627254920801,7256.15562937437,177.80622336
"2",601.851254920801,7256.15562937437,459.33274368
"3",624.075254920801,7256.15562937437,493.906176
"4",646.299254920801,7256.15562937437,444.5155584
"5",668.523254920801,7256.15562937437,222.2577792
"6",557.403254920801,7233.93162937437,177.80622336
"7",579.627254920801,7233.93162937437,488.96711424
"8",601.851254920801,7233.93162937437,493.906176
"9",624.075254920801,7233.93162937437,493.906176
"10",646.299254920801,7233.93162937437,493.906176
"11",668.523254920801,7233.93162937437,405.00306432
"12",535.179254920801,7211.70762937437,138.29372928
"13",557.403254920801,7211.70762937437,479.08899072
"14",579.627254920801,7211.70762937437,493.906176
"15",601.851254920801,7211.70762937437,493.906176
"16",624.075254920801,7211.70762937437,493.906176
"17",646.299254920801,7211.70762937437,488.96711424
"18",668.523254920801,7211.70762937437,444.5155584
"19",512.955254920801,7189.48362937437,138.29372928
"20",535.179254920801,7189.48362937437,479.08899072
"21",557.403254920801,7189.48362937437,493.906176
"22",579.627254920801,7189.48362937437,493.906176
"23",601.851254920801,7189.48362937437,493.906176
"24",624.075254920801,7189.48362937437,493.906176
"25",646.299254920801,7189.48362937437,493.906176
"26",668.523254920801,7189.48362937437,493.906176
"27",690.747254920801,7189.48362937437,395.1249408
"28",712.971254920801,7189.48362937437,271.6483968
"29",912.987254920801,7189.48362937437,49.3906176
"30",935.211254920801,7189.48362937437,123.476544
"31",957.435254920801,7189.48362937437,49.3906176
"32",490.731254920801,7167.25962937437,138.29372928
"33",512.955254920801,7167.25962937437,479.08899072
"34",535.179254920801,7167.25962937437,493.906176
"35",557.403254920801,7167.25962937437,493.906176
"36",579.627254920801,7167.25962937437,493.906176
"37",601.851254920801,7167.25962937437,493.906176
"38",624.075254920801,7167.25962937437,493.906176
"39",646.299254920801,7167.25962937437,493.906176
"40",668.523254920801,7167.25962937437,493.906176
"41",690.747254920801,7167.25962937437,493.906176
"42",712.971254920801,7167.25962937437,375.36869376
"43",735.195254920801,7167.25962937437,123.476544
"44",757.419254920801,7167.25962937437,138.29372928
"45",779.643254920801,7167.25962937437,74.0859264
"46",801.867254920801,7167.25962937437,158.04997632
"47",824.091254920801,7167.25962937437,311.16089088
"48",846.315254920801,7167.25962937437,365.49057024
"49",868.539254920801,7167.25962937437,301.28276736
"50",890.763254920801,7167.25962937437,118.53748224
"51",912.987254920801,7167.25962937437,444.5155584
"52",935.211254920801,7167.25962937437,493.906176
"53",957.435254920801,7167.25962937437,365.49057024
"54",979.659254920801,7167.25962937437,83.96404992
"55",468.507254920801,7145.03562937437,138.29372928
"56",490.731254920801,7145.03562937437,479.08899072
"57",512.955254920801,7145.03562937437,493.906176
"58",535.179254920801,7145.03562937437,493.906176
"59",557.403254920801,7145.03562937437,493.906176
"60",579.627254920801,7145.03562937437,493.906176
"61",601.851254920801,7145.03562937437,493.906176
"62",624.075254920801,7145.03562937437,493.906176
"63",646.299254920801,7145.03562937437,493.906176
"64",668.523254920801,7145.03562937437,493.906176
"65",690.747254920801,7145.03562937437,493.906176
"66",712.971254920801,7145.03562937437,493.906176
"67",735.195254920801,7145.03562937437,493.906176
"68",757.419254920801,7145.03562937437,493.906176
"69",779.643254920801,7145.03562937437,493.906176
"70",801.867254920801,7145.03562937437,493.906176
"71",824.091254920801,7145.03562937437,493.906176
"72",846.315254920801,7145.03562937437,493.906176
"73",868.539254920801,7145.03562937437,493.906176
"74",890.763254920801,7145.03562937437,493.906176
"75",912.987254920801,7145.03562937437,493.906176
"76",935.211254920801,7145.03562937437,493.906176
"77",957.435254920801,7145.03562937437,493.906176
"78",979.659254920801,7145.03562937437,217.31871744
"79",446.283254920801,7122.81162937437,138.29372928
"80",468.507254920801,7122.81162937437,479.08899072
"81",490.731254920801,7122.81162937437,493.906176
"82",512.955254920801,7122.81162937437,493.906176
"83",535.179254920801,7122.81162937437,493.906176
"84",557.403254920801,7122.81162937437,493.906176
"85",579.627254920801,7122.81162937437,493.906176
"86",601.851254920801,7122.81162937437,493.906176
"87",624.075254920801,7122.81162937437,493.906176
"88",646.299254920801,7122.81162937437,493.906176
"89",668.523254920801,7122.81162937437,493.906176
"90",690.747254920801,7122.81162937437,493.906176
"91",712.971254920801,7122.81162937437,493.906176
"92",735.195254920801,7122.81162937437,493.906176
"93",757.419254920801,7122.81162937437,493.906176
"94",779.643254920801,7122.81162937437,493.906176
"95",801.867254920801,7122.81162937437,493.906176
"96",824.091254920801,7122.81162937437,493.906176
"97",846.315254920801,7122.81162937437,493.906176
"98",868.539254920801,7122.81162937437,493.906176
"99",890.763254920801,7122.81162937437,493.906176
"100",912.987254920801,7122.81162937437,493.906176
"101",935.211254920801,7122.81162937437,493.906176
"102",957.435254920801,7122.81162937437,493.906176
"103",979.659254920801,7122.81162937437,242.01402624
"104",424.059254920801,7100.58762937437,138.29372928
"105",446.283254920801,7100.58762937437,479.08899072
"106",468.507254920801,7100.58762937437,493.906176
"107",490.731254920801,7100.58762937437,493.906176
"108",512.955254920801,7100.58762937437,493.906176
"109",535.179254920801,7100.58762937437,493.906176
"110",557.403254920801,7100.58762937437,493.906176
"111",579.627254920801,7100.58762937437,493.906176
"112",601.851254920801,7100.58762937437,493.906176
"113",624.075254920801,7100.58762937437,493.906176
"114",646.299254920801,7100.58762937437,493.906176
"115",668.523254920801,7100.58762937437,493.906176
"116",690.747254920801,7100.58762937437,493.906176
"117",712.971254920801,7100.58762937437,493.906176
"118",735.195254920801,7100.58762937437,493.906176
"119",757.419254920801,7100.58762937437,493.906176
"120",779.643254920801,7100.58762937437,493.906176
"121",801.867254920801,7100.58762937437,493.906176
"122",824.091254920801,7100.58762937437,493.906176
"123",846.315254920801,7100.58762937437,493.906176
"124",868.539254920801,7100.58762937437,493.906176
"125",890.763254920801,7100.58762937437,493.906176
"126",912.987254920801,7100.58762937437,237.07496448
"127",935.211254920801,7100.58762937437,69.14686464
"128",957.435254920801,7100.58762937437,9.87812352
"129",401.835254920801,7078.36362937437,138.29372928
"130",424.059254920801,7078.36362937437,479.08899072
"131",446.283254920801,7078.36362937437,493.906176
"132",468.507254920801,7078.36362937437,469.2108672
"133",490.731254920801,7078.36362937437,493.906176
"134",512.955254920801,7078.36362937437,493.906176
"135",535.179254920801,7078.36362937437,493.906176
"136",557.403254920801,7078.36362937437,493.906176
"137",579.627254920801,7078.36362937437,493.906176
"138",601.851254920801,7078.36362937437,493.906176
"139",624.075254920801,7078.36362937437,493.906176
"140",646.299254920801,7078.36362937437,493.906176
"141",668.523254920801,7078.36362937437,493.906176
"142",690.747254920801,7078.36362937437,493.906176
"143",712.971254920801,7078.36362937437,493.906176
"144",735.195254920801,7078.36362937437,493.906176
"145",757.419254920801,7078.36362937437,493.906176
"146",779.643254920801,7078.36362937437,493.906176
"147",801.867254920801,7078.36362937437,493.906176
"148",824.091254920801,7078.36362937437,493.906176
"149",846.315254920801,7078.36362937437,493.906176
"150",868.539254920801,7078.36362937437,493.906176
"151",890.763254920801,7078.36362937437,493.906176
"152",912.987254920801,7078.36362937437,207.44059392
"153",379.611254920801,7056.13962937437,138.29372928
"154",401.835254920801,7056.13962937437,479.08899072
"155",424.059254920801,7056.13962937437,493.906176
"156",446.283254920801,7056.13962937437,493.906176
"157",468.507254920801,7056.13962937437,162.98903808
"158",490.731254920801,7056.13962937437,321.0390144
"159",512.955254920801,7056.13962937437,256.83121152
"160",535.179254920801,7056.13962937437,172.8671616
"161",557.403254920801,7056.13962937437,493.906176
"162",579.627254920801,7056.13962937437,493.906176
"163",601.851254920801,7056.13962937437,493.906176
"164",624.075254920801,7056.13962937437,493.906176
"165",646.299254920801,7056.13962937437,493.906176
"166",668.523254920801,7056.13962937437,493.906176
"167",690.747254920801,7056.13962937437,493.906176
"168",712.971254920801,7056.13962937437,493.906176
"169",735.195254920801,7056.13962937437,493.906176
"170",757.419254920801,7056.13962937437,493.906176
"171",779.643254920801,7056.13962937437,493.906176
"172",801.867254920801,7056.13962937437,370.429632
"173",824.091254920801,7056.13962937437,207.44059392
"174",846.315254920801,7056.13962937437,158.04997632
"175",868.539254920801,7056.13962937437,98.7812352
"176",890.763254920801,7056.13962937437,34.57343232
"177",357.387254920801,7033.91562937437,138.29372928
"178",379.611254920801,7033.91562937437,479.08899072
"179",401.835254920801,7033.91562937437,493.906176
"180",424.059254920801,7033.91562937437,493.906176
"181",446.283254920801,7033.91562937437,493.906176
"182",468.507254920801,7033.91562937437,74.0859264
"183",490.731254920801,7033.91562937437,133.35466752
"184",512.955254920801,7033.91562937437,133.35466752
"185",557.403254920801,7033.91562937437,207.44059392
"186",579.627254920801,7033.91562937437,414.88118784
"187",601.851254920801,7033.91562937437,459.33274368
"188",624.075254920801,7033.91562937437,493.906176
"189",646.299254920801,7033.91562937437,493.906176
"190",668.523254920801,7033.91562937437,493.906176
"191",690.747254920801,7033.91562937437,493.906176
"192",712.971254920801,7033.91562937437,493.906176
"193",735.195254920801,7033.91562937437,493.906176
"194",757.419254920801,7033.91562937437,493.906176
"195",779.643254920801,7033.91562937437,493.906176
"196",801.867254920801,7033.91562937437,296.3437056
"197",335.163254920801,7011.69162937437,138.29372928
"198",357.387254920801,7011.69162937437,479.08899072
"199",379.611254920801,7011.69162937437,493.906176
"200",401.835254920801,7011.69162937437,493.906176
"201",424.059254920801,7011.69162937437,493.906176
"202",446.283254920801,7011.69162937437,493.906176
"203",468.507254920801,7011.69162937437,479.08899072
"204",490.731254920801,7011.69162937437,493.906176
"205",512.955254920801,7011.69162937437,493.906176
"206",535.179254920801,7011.69162937437,261.77027328
"207",557.403254920801,7011.69162937437,14.81718528
"208",579.627254920801,7011.69162937437,34.57343232
"209",601.851254920801,7011.69162937437,123.476544
"210",624.075254920801,7011.69162937437,484.02805248
"211",646.299254920801,7011.69162937437,493.906176
"212",668.523254920801,7011.69162937437,493.906176
"213",690.747254920801,7011.69162937437,493.906176
"214",712.971254920801,7011.69162937437,493.906176
"215",735.195254920801,7011.69162937437,493.906176
"216",757.419254920801,7011.69162937437,493.906176
"217",779.643254920801,7011.69162937437,158.04997632
"218",801.867254920801,7011.69162937437,59.26874112
"219",312.939254920801,6989.46762937437,138.29372928
"220",335.163254920801,6989.46762937437,479.08899072
"221",357.387254920801,6989.46762937437,493.906176
"222",379.611254920801,6989.46762937437,493.906176
"223",401.835254920801,6989.46762937437,493.906176
"224",424.059254920801,6989.46762937437,493.906176
"225",446.283254920801,6989.46762937437,493.906176
"226",468.507254920801,6989.46762937437,493.906176
"227",490.731254920801,6989.46762937437,493.906176
"228",512.955254920801,6989.46762937437,493.906176
"229",535.179254920801,6989.46762937437,493.906176
"230",557.403254920801,6989.46762937437,316.09995264
"231",579.627254920801,6989.46762937437,385.24681728
"232",601.851254920801,6989.46762937437,493.906176
"233",624.075254920801,6989.46762937437,493.906176
"234",646.299254920801,6989.46762937437,493.906176
"235",668.523254920801,6989.46762937437,493.906176
"236",690.747254920801,6989.46762937437,493.906176
"237",712.971254920801,6989.46762937437,493.906176
"238",735.195254920801,6989.46762937437,493.906176
"239",757.419254920801,6989.46762937437,493.906176
"240",779.643254920801,6989.46762937437,54.32967936
"241",290.715254920801,6967.24362937437,138.29372928
"242",312.939254920801,6967.24362937437,479.08899072
"243",335.163254920801,6967.24362937437,493.906176
"244",357.387254920801,6967.24362937437,493.906176
"245",379.611254920801,6967.24362937437,493.906176
"246",401.835254920801,6967.24362937437,493.906176
"247",424.059254920801,6967.24362937437,493.906176
"248",446.283254920801,6967.24362937437,493.906176
"249",468.507254920801,6967.24362937437,493.906176
"250",490.731254920801,6967.24362937437,493.906176
"251",512.955254920801,6967.24362937437,493.906176
"252",535.179254920801,6967.24362937437,493.906176
"253",557.403254920801,6967.24362937437,493.906176
"254",579.627254920801,6967.24362937437,493.906176
"255",601.851254920801,6967.24362937437,493.906176
"256",624.075254920801,6967.24362937437,493.906176
"257",646.299254920801,6967.24362937437,493.906176
"258",668.523254920801,6967.24362937437,493.906176
"259",690.747254920801,6967.24362937437,493.906176
"260",712.971254920801,6967.24362937437,493.906176
"261",735.195254920801,6967.24362937437,281.52652032
"262",757.419254920801,6967.24362937437,19.75624704
"263",268.491254920801,6945.01962937437,138.29372928
"264",290.715254920801,6945.01962937437,479.08899072
"265",312.939254920801,6945.01962937437,493.906176
"266",335.163254920801,6945.01962937437,493.906176
"267",357.387254920801,6945.01962937437,493.906176
"268",379.611254920801,6945.01962937437,493.906176
"269",401.835254920801,6945.01962937437,493.906176
"270",424.059254920801,6945.01962937437,493.906176
"271",446.283254920801,6945.01962937437,493.906176
"272",468.507254920801,6945.01962937437,493.906176
"273",490.731254920801,6945.01962937437,493.906176
"274",512.955254920801,6945.01962937437,493.906176
"275",535.179254920801,6945.01962937437,493.906176
"276",557.403254920801,6945.01962937437,493.906176
"277",579.627254920801,6945.01962937437,493.906176
"278",601.851254920801,6945.01962937437,493.906176
"279",624.075254920801,6945.01962937437,493.906176
"280",646.299254920801,6945.01962937437,493.906176
"281",668.523254920801,6945.01962937437,493.906176
"282",690.747254920801,6945.01962937437,493.906176
"283",712.971254920801,6945.01962937437,493.906176
"284",735.195254920801,6945.01962937437,306.22182912
"285",246.267254920801,6922.79562937437,138.29372928
"286",268.491254920801,6922.79562937437,479.08899072
"287",290.715254920801,6922.79562937437,493.906176
"288",312.939254920801,6922.79562937437,493.906176
"289",335.163254920801,6922.79562937437,493.906176
"290",357.387254920801,6922.79562937437,493.906176
"291",379.611254920801,6922.79562937437,493.906176
"292",401.835254920801,6922.79562937437,493.906176
"293",424.059254920801,6922.79562937437,493.906176
"294",446.283254920801,6922.79562937437,493.906176
"295",468.507254920801,6922.79562937437,493.906176
"296",490.731254920801,6922.79562937437,493.906176
"297",512.955254920801,6922.79562937437,493.906176
"298",535.179254920801,6922.79562937437,493.906176
"299",557.403254920801,6922.79562937437,493.906176
"300",579.627254920801,6922.79562937437,493.906176
"301",601.851254920801,6922.79562937437,493.906176
"302",624.075254920801,6922.79562937437,493.906176
"303",646.299254920801,6922.79562937437,493.906176
"304",668.523254920801,6922.79562937437,493.906176
"305",690.747254920801,6922.79562937437,493.906176
"306",712.971254920801,6922.79562937437,493.906176
"307",735.195254920801,6922.79562937437,345.7343232
"308",224.043254920801,6900.57162937437,128.41560576
"309",246.267254920801,6900.57162937437,464.27180544
"310",268.491254920801,6900.57162937437,493.906176
"311",290.715254920801,6900.57162937437,493.906176
"312",312.939254920801,6900.57162937437,493.906176
"313",335.163254920801,6900.57162937437,493.906176
"314",357.387254920801,6900.57162937437,493.906176
"315",379.611254920801,6900.57162937437,493.906176
"316",401.835254920801,6900.57162937437,493.906176
"317",424.059254920801,6900.57162937437,493.906176
"318",446.283254920801,6900.57162937437,493.906176
"319",468.507254920801,6900.57162937437,493.906176
"320",490.731254920801,6900.57162937437,493.906176
"321",512.955254920801,6900.57162937437,493.906176
"322",535.179254920801,6900.57162937437,493.906176
"323",557.403254920801,6900.57162937437,493.906176
"324",579.627254920801,6900.57162937437,493.906176
"325",601.851254920801,6900.57162937437,493.906176
"326",624.075254920801,6900.57162937437,493.906176
"327",646.299254920801,6900.57162937437,493.906176
"328",668.523254920801,6900.57162937437,493.906176
"329",690.747254920801,6900.57162937437,493.906176
"330",712.971254920801,6900.57162937437,493.906176
"331",735.195254920801,6900.57162937437,385.24681728
"332",201.819254920801,6878.34762937437,138.29372928
"333",224.043254920801,6878.34762937437,479.08899072
"334",246.267254920801,6878.34762937437,493.906176
"335",268.491254920801,6878.34762937437,493.906176
"336",290.715254920801,6878.34762937437,493.906176
"337",312.939254920801,6878.34762937437,493.906176
"338",335.163254920801,6878.34762937437,493.906176
"339",357.387254920801,6878.34762937437,493.906176
"340",379.611254920801,6878.34762937437,493.906176
"341",401.835254920801,6878.34762937437,493.906176
"342",424.059254920801,6878.34762937437,493.906176
"343",446.283254920801,6878.34762937437,493.906176
"344",468.507254920801,6878.34762937437,493.906176
"345",490.731254920801,6878.34762937437,493.906176
"346",512.955254920801,6878.34762937437,493.906176
"347",535.179254920801,6878.34762937437,493.906176
"348",557.403254920801,6878.34762937437,493.906176
"349",579.627254920801,6878.34762937437,493.906176
"350",601.851254920801,6878.34762937437,493.906176
"351",624.075254920801,6878.34762937437,493.906176
"352",646.299254920801,6878.34762937437,493.906176
"353",668.523254920801,6878.34762937437,493.906176
"354",690.747254920801,6878.34762937437,493.906176
"355",712.971254920801,6878.34762937437,493.906176
"356",735.195254920801,6878.34762937437,429.69837312
"357",179.595254920801,6856.12362937437,182.74528512
"358",201.819254920801,6856.12362937437,488.96711424
"359",224.043254920801,6856.12362937437,493.906176
"360",246.267254920801,6856.12362937437,493.906176
"361",268.491254920801,6856.12362937437,493.906176
"362",290.715254920801,6856.12362937437,493.906176
"363",312.939254920801,6856.12362937437,493.906176
"364",335.163254920801,6856.12362937437,493.906176
"365",357.387254920801,6856.12362937437,493.906176
"366",379.611254920801,6856.12362937437,493.906176
"367",401.835254920801,6856.12362937437,493.906176
"368",424.059254920801,6856.12362937437,493.906176
"369",446.283254920801,6856.12362937437,493.906176
"370",468.507254920801,6856.12362937437,493.906176
"371",490.731254920801,6856.12362937437,493.906176
"372",512.955254920801,6856.12362937437,493.906176
"373",535.179254920801,6856.12362937437,493.906176
"374",557.403254920801,6856.12362937437,493.906176
"375",579.627254920801,6856.12362937437,493.906176
"376",601.851254920801,6856.12362937437,493.906176
"377",624.075254920801,6856.12362937437,493.906176
"378",646.299254920801,6856.12362937437,493.906176
"379",668.523254920801,6856.12362937437,493.906176
"380",690.747254920801,6856.12362937437,493.906176
"381",712.971254920801,6856.12362937437,493.906176
"382",735.195254920801,6856.12362937437,479.08899072
"383",157.371254920801,6833.89962937437,237.07496448
"384",179.595254920801,6833.89962937437,493.906176
"385",201.819254920801,6833.89962937437,493.906176
"386",224.043254920801,6833.89962937437,493.906176
"387",246.267254920801,6833.89962937437,493.906176
"388",268.491254920801,6833.89962937437,493.906176
"389",290.715254920801,6833.89962937437,493.906176
"390",312.939254920801,6833.89962937437,493.906176
"391",335.163254920801,6833.89962937437,493.906176
"392",357.387254920801,6833.89962937437,493.906176
"393",379.611254920801,6833.89962937437,493.906176
"394",401.835254920801,6833.89962937437,493.906176
"395",424.059254920801,6833.89962937437,493.906176
"396",446.283254920801,6833.89962937437,493.906176
"397",468.507254920801,6833.89962937437,493.906176
"398",490.731254920801,6833.89962937437,493.906176
"399",512.955254920801,6833.89962937437,493.906176
"400",535.179254920801,6833.89962937437,493.906176
"401",557.403254920801,6833.89962937437,493.906176
"402",579.627254920801,6833.89962937437,493.906176
"403",601.851254920801,6833.89962937437,493.906176
"404",624.075254920801,6833.89962937437,493.906176
"405",646.299254920801,6833.89962937437,493.906176
"406",668.523254920801,6833.89962937437,493.906176
"407",690.747254920801,6833.89962937437,493.906176
"408",712.971254920801,6833.89962937437,493.906176
"409",735.195254920801,6833.89962937437,493.906176
"410",757.419254920801,6833.89962937437,29.63437056
"411",135.147254920801,6811.67562937437,271.6483968
"412",157.371254920801,6811.67562937437,493.906176
"413",179.595254920801,6811.67562937437,493.906176
"414",201.819254920801,6811.67562937437,493.906176
"415",224.043254920801,6811.67562937437,493.906176
"416",246.267254920801,6811.67562937437,493.906176
"417",268.491254920801,6811.67562937437,493.906176
"418",290.715254920801,6811.67562937437,493.906176
"419",312.939254920801,6811.67562937437,493.906176
"420",335.163254920801,6811.67562937437,493.906176
"421",357.387254920801,6811.67562937437,493.906176
"422",379.611254920801,6811.67562937437,493.906176
"423",401.835254920801,6811.67562937437,493.906176
"424",424.059254920801,6811.67562937437,493.906176
"425",446.283254920801,6811.67562937437,493.906176
"426",468.507254920801,6811.67562937437,493.906176
"427",490.731254920801,6811.67562937437,493.906176
"428",512.955254920801,6811.67562937437,493.906176
"429",535.179254920801,6811.67562937437,493.906176
"430",557.403254920801,6811.67562937437,493.906176
"431",579.627254920801,6811.67562937437,493.906176
"432",601.851254920801,6811.67562937437,493.906176
"433",624.075254920801,6811.67562937437,493.906176
"434",646.299254920801,6811.67562937437,493.906176
"435",668.523254920801,6811.67562937437,493.906176
"436",690.747254920801,6811.67562937437,493.906176
"437",712.971254920801,6811.67562937437,493.906176
"438",735.195254920801,6811.67562937437,493.906176
"439",757.419254920801,6811.67562937437,79.02498816
"440",90.699254920801,6789.45162937437,14.81718528
"441",112.923254920801,6789.45162937437,316.09995264
"442",135.147254920801,6789.45162937437,493.906176
"443",157.371254920801,6789.45162937437,493.906176
"444",179.595254920801,6789.45162937437,493.906176
"445",201.819254920801,6789.45162937437,493.906176
"446",224.043254920801,6789.45162937437,493.906176
"447",246.267254920801,6789.45162937437,493.906176
"448",268.491254920801,6789.45162937437,493.906176
"449",290.715254920801,6789.45162937437,493.906176
"450",312.939254920801,6789.45162937437,493.906176
"451",335.163254920801,6789.45162937437,493.906176
"452",357.387254920801,6789.45162937437,493.906176
"453",379.611254920801,6789.45162937437,493.906176
"454",401.835254920801,6789.45162937437,493.906176
"455",424.059254920801,6789.45162937437,493.906176
"456",446.283254920801,6789.45162937437,493.906176
"457",468.507254920801,6789.45162937437,493.906176
"458",490.731254920801,6789.45162937437,493.906176
"459",512.955254920801,6789.45162937437,493.906176
"460",535.179254920801,6789.45162937437,493.906176
"461",557.403254920801,6789.45162937437,493.906176
"462",579.627254920801,6789.45162937437,493.906176
"463",601.851254920801,6789.45162937437,493.906176
"464",624.075254920801,6789.45162937437,493.906176
"465",646.299254920801,6789.45162937437,493.906176
"466",668.523254920801,6789.45162937437,493.906176
"467",690.747254920801,6789.45162937437,493.906176
"468",712.971254920801,6789.45162937437,493.906176
"469",735.195254920801,6789.45162937437,493.906176
"470",757.419254920801,6789.45162937437,128.41560576
"471",68.475254920801,6767.22762937437,29.63437056
"472",90.699254920801,6767.22762937437,355.61244672
"473",112.923254920801,6767.22762937437,493.906176
"474",135.147254920801,6767.22762937437,493.906176
"475",157.371254920801,6767.22762937437,493.906176
"476",179.595254920801,6767.22762937437,493.906176
"477",201.819254920801,6767.22762937437,493.906176
"478",224.043254920801,6767.22762937437,493.906176
"479",246.267254920801,6767.22762937437,493.906176
"480",268.491254920801,6767.22762937437,493.906176
"481",290.715254920801,6767.22762937437,493.906176
"482",312.939254920801,6767.22762937437,493.906176
"483",335.163254920801,6767.22762937437,493.906176
"484",357.387254920801,6767.22762937437,493.906176
"485",379.611254920801,6767.22762937437,493.906176
"486",401.835254920801,6767.22762937437,493.906176
"487",424.059254920801,6767.22762937437,493.906176
"488",446.283254920801,6767.22762937437,493.906176
"489",468.507254920801,6767.22762937437,493.906176
"490",490.731254920801,6767.22762937437,493.906176
"491",512.955254920801,6767.22762937437,493.906176
"492",535.179254920801,6767.22762937437,493.906176
"493",557.403254920801,6767.22762937437,493.906176
"494",579.627254920801,6767.22762937437,493.906176
"495",601.851254920801,6767.22762937437,493.906176
"496",624.075254920801,6767.22762937437,493.906176
"497",646.299254920801,6767.22762937437,493.906176
"498",668.523254920801,6767.22762937437,493.906176
"499",690.747254920801,6767.22762937437,493.906176
"500",712.971254920801,6767.22762937437,493.906176
"501",735.195254920801,6767.22762937437,493.906176
"502",757.419254920801,6767.22762937437,167.92809984
"503",68.475254920801,6745.00362937437,79.02498816
"504",90.699254920801,6745.00362937437,493.906176
"505",112.923254920801,6745.00362937437,493.906176
"506",135.147254920801,6745.00362937437,493.906176
"507",157.371254920801,6745.00362937437,493.906176
"508",179.595254920801,6745.00362937437,493.906176
"509",201.819254920801,6745.00362937437,493.906176
"510",224.043254920801,6745.00362937437,493.906176
"511",246.267254920801,6745.00362937437,493.906176
"512",268.491254920801,6745.00362937437,493.906176
"513",290.715254920801,6745.00362937437,493.906176
"514",312.939254920801,6745.00362937437,493.906176
"515",335.163254920801,6745.00362937437,493.906176
"516",357.387254920801,6745.00362937437,493.906176
"517",379.611254920801,6745.00362937437,493.906176
"518",401.835254920801,6745.00362937437,493.906176
"519",424.059254920801,6745.00362937437,493.906176
"520",446.283254920801,6745.00362937437,493.906176
"521",468.507254920801,6745.00362937437,493.906176
"522",490.731254920801,6745.00362937437,493.906176
"523",512.955254920801,6745.00362937437,493.906176
"524",535.179254920801,6745.00362937437,493.906176
"525",557.403254920801,6745.00362937437,493.906176
"526",579.627254920801,6745.00362937437,493.906176
"527",601.851254920801,6745.00362937437,493.906176
"528",624.075254920801,6745.00362937437,493.906176
"529",646.299254920801,6745.00362937437,493.906176
"530",668.523254920801,6745.00362937437,493.906176
"531",690.747254920801,6745.00362937437,493.906176
"532",712.971254920801,6745.00362937437,493.906176
"533",735.195254920801,6745.00362937437,493.906176
"534",757.419254920801,6745.00362937437,212.37965568
"535",90.699254920801,6722.77962937437,355.61244672
"536",112.923254920801,6722.77962937437,493.906176
"537",135.147254920801,6722.77962937437,493.906176
"538",157.371254920801,6722.77962937437,493.906176
"539",179.595254920801,6722.77962937437,493.906176
"540",201.819254920801,6722.77962937437,493.906176
"541",224.043254920801,6722.77962937437,493.906176
"542",246.267254920801,6722.77962937437,493.906176
"543",268.491254920801,6722.77962937437,493.906176
"544",290.715254920801,6722.77962937437,493.906176
"545",312.939254920801,6722.77962937437,493.906176
"546",335.163254920801,6722.77962937437,493.906176
"547",357.387254920801,6722.77962937437,493.906176
"548",379.611254920801,6722.77962937437,464.27180544
"549",401.835254920801,6722.77962937437,464.27180544
"550",424.059254920801,6722.77962937437,493.906176
"551",446.283254920801,6722.77962937437,493.906176
"552",468.507254920801,6722.77962937437,493.906176
"553",490.731254920801,6722.77962937437,493.906176
"554",512.955254920801,6722.77962937437,493.906176
"555",535.179254920801,6722.77962937437,493.906176
"556",557.403254920801,6722.77962937437,493.906176
"557",579.627254920801,6722.77962937437,493.906176
"558",601.851254920801,6722.77962937437,493.906176
"559",624.075254920801,6722.77962937437,493.906176
"560",646.299254920801,6722.77962937437,493.906176
"561",668.523254920801,6722.77962937437,493.906176
"562",690.747254920801,6722.77962937437,493.906176
"563",712.971254920801,6722.77962937437,493.906176
"564",735.195254920801,6722.77962937437,493.906176
"565",757.419254920801,6722.77962937437,217.31871744
"566",68.475254920801,6700.55562937437,19.75624704
"567",90.699254920801,6700.55562937437,405.00306432
"568",112.923254920801,6700.55562937437,493.906176
"569",135.147254920801,6700.55562937437,493.906176
"570",157.371254920801,6700.55562937437,493.906176
"571",179.595254920801,6700.55562937437,493.906176
"572",201.819254920801,6700.55562937437,493.906176
"573",224.043254920801,6700.55562937437,493.906176
"574",246.267254920801,6700.55562937437,493.906176
"575",268.491254920801,6700.55562937437,493.906176
"576",290.715254920801,6700.55562937437,493.906176
"577",312.939254920801,6700.55562937437,493.906176
"578",335.163254920801,6700.55562937437,493.906176
"579",357.387254920801,6700.55562937437,493.906176
"580",379.611254920801,6700.55562937437,474.14992896
"581",401.835254920801,6700.55562937437,335.85619968
"582",424.059254920801,6700.55562937437,429.69837312
"583",446.283254920801,6700.55562937437,493.906176
"584",468.507254920801,6700.55562937437,493.906176
"585",490.731254920801,6700.55562937437,493.906176
"586",512.955254920801,6700.55562937437,493.906176
"587",535.179254920801,6700.55562937437,493.906176
"588",557.403254920801,6700.55562937437,493.906176
"589",579.627254920801,6700.55562937437,493.906176
"590",601.851254920801,6700.55562937437,493.906176
"591",624.075254920801,6700.55562937437,493.906176
"592",646.299254920801,6700.55562937437,493.906176
"593",668.523254920801,6700.55562937437,493.906176
"594",690.747254920801,6700.55562937437,493.906176
"595",712.971254920801,6700.55562937437,474.14992896
"596",735.195254920801,6700.55562937437,286.46558208
"597",757.419254920801,6700.55562937437,9.87812352
"598",68.475254920801,6678.33162937437,405.00306432
"599",90.699254920801,6678.33162937437,493.906176
"600",112.923254920801,6678.33162937437,493.906176
"601",135.147254920801,6678.33162937437,493.906176
"602",157.371254920801,6678.33162937437,493.906176
"603",179.595254920801,6678.33162937437,493.906176
"604",201.819254920801,6678.33162937437,493.906176
"605",224.043254920801,6678.33162937437,493.906176
"606",246.267254920801,6678.33162937437,493.906176
"607",268.491254920801,6678.33162937437,493.906176
"608",290.715254920801,6678.33162937437,493.906176
"609",312.939254920801,6678.33162937437,493.906176
"610",335.163254920801,6678.33162937437,493.906176
"611",357.387254920801,6678.33162937437,493.906176
"612",379.611254920801,6678.33162937437,493.906176
"613",401.835254920801,6678.33162937437,488.96711424
"614",424.059254920801,6678.33162937437,469.2108672
"615",446.283254920801,6678.33162937437,493.906176
"616",468.507254920801,6678.33162937437,493.906176
"617",490.731254920801,6678.33162937437,493.906176
"618",512.955254920801,6678.33162937437,493.906176
"619",535.179254920801,6678.33162937437,493.906176
"620",557.403254920801,6678.33162937437,493.906176
"621",579.627254920801,6678.33162937437,493.906176
"622",601.851254920801,6678.33162937437,493.906176
"623",624.075254920801,6678.33162937437,493.906176
"624",646.299254920801,6678.33162937437,493.906176
"625",668.523254920801,6678.33162937437,493.906176
"626",690.747254920801,6678.33162937437,306.22182912
"627",712.971254920801,6678.33162937437,4.93906176
"628",68.475254920801,6656.10762937437,148.1718528
"629",90.699254920801,6656.10762937437,493.906176
"630",112.923254920801,6656.10762937437,493.906176
"631",135.147254920801,6656.10762937437,493.906176
"632",157.371254920801,6656.10762937437,493.906176
"633",179.595254920801,6656.10762937437,493.906176
"634",201.819254920801,6656.10762937437,493.906176
"635",224.043254920801,6656.10762937437,493.906176
"636",246.267254920801,6656.10762937437,493.906176
"637",268.491254920801,6656.10762937437,493.906176
"638",290.715254920801,6656.10762937437,493.906176
"639",312.939254920801,6656.10762937437,493.906176
"640",335.163254920801,6656.10762937437,493.906176
"641",357.387254920801,6656.10762937437,493.906176
"642",379.611254920801,6656.10762937437,493.906176
"643",401.835254920801,6656.10762937437,493.906176
"644",424.059254920801,6656.10762937437,493.906176
"645",446.283254920801,6656.10762937437,493.906176
"646",468.507254920801,6656.10762937437,493.906176
"647",490.731254920801,6656.10762937437,493.906176
"648",512.955254920801,6656.10762937437,493.906176
"649",535.179254920801,6656.10762937437,493.906176
"650",557.403254920801,6656.10762937437,493.906176
"651",579.627254920801,6656.10762937437,493.906176
"652",601.851254920801,6656.10762937437,493.906176
"653",624.075254920801,6656.10762937437,493.906176
"654",646.299254920801,6656.10762937437,493.906176
"655",668.523254920801,6656.10762937437,493.906176
"656",690.747254920801,6656.10762937437,222.2577792
"657",90.699254920801,6633.88362937437,316.09995264
"658",112.923254920801,6633.88362937437,286.46558208
"659",135.147254920801,6633.88362937437,311.16089088
"660",157.371254920801,6633.88362937437,484.02805248
"661",179.595254920801,6633.88362937437,493.906176
"662",201.819254920801,6633.88362937437,493.906176
"663",224.043254920801,6633.88362937437,493.906176
"664",246.267254920801,6633.88362937437,493.906176
"665",268.491254920801,6633.88362937437,493.906176
"666",290.715254920801,6633.88362937437,493.906176
"667",312.939254920801,6633.88362937437,493.906176
"668",335.163254920801,6633.88362937437,493.906176
"669",357.387254920801,6633.88362937437,493.906176
"670",379.611254920801,6633.88362937437,493.906176
"671",401.835254920801,6633.88362937437,493.906176
"672",424.059254920801,6633.88362937437,493.906176
"673",446.283254920801,6633.88362937437,493.906176
"674",468.507254920801,6633.88362937437,493.906176
"675",490.731254920801,6633.88362937437,493.906176
"676",512.955254920801,6633.88362937437,493.906176
"677",535.179254920801,6633.88362937437,493.906176
"678",557.403254920801,6633.88362937437,493.906176
"679",579.627254920801,6633.88362937437,493.906176
"680",601.851254920801,6633.88362937437,493.906176
"681",624.075254920801,6633.88362937437,493.906176
"682",646.299254920801,6633.88362937437,493.906176
"683",668.523254920801,6633.88362937437,493.906176
"684",690.747254920801,6633.88362937437,419.8202496
"685",712.971254920801,6633.88362937437,385.24681728
"686",735.195254920801,6633.88362937437,400.06400256
"687",757.419254920801,6633.88362937437,385.24681728
"688",779.643254920801,6633.88362937437,375.36869376
"689",801.867254920801,6633.88362937437,296.3437056
"690",90.699254920801,6611.65962937437,19.75624704
"691",135.147254920801,6611.65962937437,380.30775552
"692",157.371254920801,6611.65962937437,493.906176
"693",179.595254920801,6611.65962937437,493.906176
"694",201.819254920801,6611.65962937437,493.906176
"695",224.043254920801,6611.65962937437,493.906176
"696",246.267254920801,6611.65962937437,493.906176
"697",268.491254920801,6611.65962937437,493.906176
"698",290.715254920801,6611.65962937437,493.906176
"699",312.939254920801,6611.65962937437,493.906176
"700",335.163254920801,6611.65962937437,493.906176
"701",357.387254920801,6611.65962937437,493.906176
"702",379.611254920801,6611.65962937437,493.906176
"703",401.835254920801,6611.65962937437,493.906176
"704",424.059254920801,6611.65962937437,493.906176
"705",446.283254920801,6611.65962937437,493.906176
"706",468.507254920801,6611.65962937437,493.906176
"707",490.731254920801,6611.65962937437,493.906176
"708",512.955254920801,6611.65962937437,493.906176
"709",535.179254920801,6611.65962937437,493.906176
"710",557.403254920801,6611.65962937437,493.906176
"711",579.627254920801,6611.65962937437,493.906176
"712",601.851254920801,6611.65962937437,493.906176
"713",624.075254920801,6611.65962937437,493.906176
"714",646.299254920801,6611.65962937437,493.906176
"715",668.523254920801,6611.65962937437,493.906176
"716",690.747254920801,6611.65962937437,493.906176
"717",712.971254920801,6611.65962937437,493.906176
"718",735.195254920801,6611.65962937437,493.906176
"719",757.419254920801,6611.65962937437,493.906176
"720",779.643254920801,6611.65962937437,493.906176
"721",801.867254920801,6611.65962937437,405.00306432
"722",824.091254920801,6611.65962937437,212.37965568
"723",846.315254920801,6611.65962937437,261.77027328
"724",868.539254920801,6611.65962937437,321.0390144
"725",890.763254920801,6611.65962937437,370.429632
"726",912.987254920801,6611.65962937437,286.46558208
"727",68.475254920801,6589.43562937437,39.51249408
"728",90.699254920801,6589.43562937437,212.37965568
"729",112.923254920801,6589.43562937437,54.32967936
"730",135.147254920801,6589.43562937437,395.1249408
"731",157.371254920801,6589.43562937437,493.906176
"732",179.595254920801,6589.43562937437,493.906176
"733",201.819254920801,6589.43562937437,493.906176
"734",224.043254920801,6589.43562937437,493.906176
"735",246.267254920801,6589.43562937437,493.906176
"736",268.491254920801,6589.43562937437,493.906176
"737",290.715254920801,6589.43562937437,493.906176
"738",312.939254920801,6589.43562937437,493.906176
"739",335.163254920801,6589.43562937437,493.906176
"740",357.387254920801,6589.43562937437,493.906176
"741",379.611254920801,6589.43562937437,493.906176
"742",401.835254920801,6589.43562937437,493.906176
"743",424.059254920801,6589.43562937437,493.906176
"744",446.283254920801,6589.43562937437,493.906176
"745",468.507254920801,6589.43562937437,493.906176
"746",490.731254920801,6589.43562937437,493.906176
"747",512.955254920801,6589.43562937437,493.906176
"748",535.179254920801,6589.43562937437,493.906176
"749",557.403254920801,6589.43562937437,493.906176
"750",579.627254920801,6589.43562937437,493.906176
"751",601.851254920801,6589.43562937437,493.906176
"752",624.075254920801,6589.43562937437,493.906176
"753",646.299254920801,6589.43562937437,493.906176
"754",668.523254920801,6589.43562937437,493.906176
"755",690.747254920801,6589.43562937437,493.906176
"756",712.971254920801,6589.43562937437,493.906176
"757",735.195254920801,6589.43562937437,493.906176
"758",757.419254920801,6589.43562937437,493.906176
"759",779.643254920801,6589.43562937437,493.906176
"760",801.867254920801,6589.43562937437,493.906176
"761",824.091254920801,6589.43562937437,493.906176
"762",846.315254920801,6589.43562937437,493.906176
"763",868.539254920801,6589.43562937437,493.906176
"764",890.763254920801,6589.43562937437,493.906176
"765",912.987254920801,6589.43562937437,414.88118784
"766",935.211254920801,6589.43562937437,123.476544
"767",957.435254920801,6589.43562937437,64.20780288
"768",68.475254920801,6567.21162937437,4.93906176
"769",90.699254920801,6567.21162937437,400.06400256
"770",112.923254920801,6567.21162937437,493.906176
"771",135.147254920801,6567.21162937437,493.906176
"772",157.371254920801,6567.21162937437,493.906176
"773",179.595254920801,6567.21162937437,493.906176
"774",201.819254920801,6567.21162937437,493.906176
"775",224.043254920801,6567.21162937437,493.906176
"776",246.267254920801,6567.21162937437,493.906176
"777",268.491254920801,6567.21162937437,493.906176
"778",290.715254920801,6567.21162937437,493.906176
"779",312.939254920801,6567.21162937437,493.906176
"780",335.163254920801,6567.21162937437,493.906176
"781",357.387254920801,6567.21162937437,493.906176
"782",379.611254920801,6567.21162937437,493.906176
"783",401.835254920801,6567.21162937437,493.906176
"784",424.059254920801,6567.21162937437,493.906176
"785",446.283254920801,6567.21162937437,493.906176
"786",468.507254920801,6567.21162937437,493.906176
"787",490.731254920801,6567.21162937437,493.906176
"788",512.955254920801,6567.21162937437,493.906176
"789",535.179254920801,6567.21162937437,493.906176
"790",557.403254920801,6567.21162937437,493.906176
"791",579.627254920801,6567.21162937437,493.906176
"792",601.851254920801,6567.21162937437,493.906176
"793",624.075254920801,6567.21162937437,493.906176
"794",646.299254920801,6567.21162937437,493.906176
"795",668.523254920801,6567.21162937437,493.906176
"796",690.747254920801,6567.21162937437,493.906176
"797",712.971254920801,6567.21162937437,493.906176
"798",735.195254920801,6567.21162937437,493.906176
"799",757.419254920801,6567.21162937437,493.906176
"800",779.643254920801,6567.21162937437,493.906176
"801",801.867254920801,6567.21162937437,493.906176
"802",824.091254920801,6567.21162937437,493.906176
"803",846.315254920801,6567.21162937437,493.906176
"804",868.539254920801,6567.21162937437,493.906176
"805",890.763254920801,6567.21162937437,493.906176
"806",912.987254920801,6567.21162937437,493.906176
"807",935.211254920801,6567.21162937437,493.906176
"808",957.435254920801,6567.21162937437,227.19684096
"809",90.699254920801,6544.98762937437,39.51249408
"810",112.923254920801,6544.98762937437,276.58745856
"811",135.147254920801,6544.98762937437,493.906176
"812",157.371254920801,6544.98762937437,493.906176
"813",179.595254920801,6544.98762937437,493.906176
"814",201.819254920801,6544.98762937437,493.906176
"815",224.043254920801,6544.98762937437,493.906176
"816",246.267254920801,6544.98762937437,493.906176
"817",268.491254920801,6544.98762937437,493.906176
"818",290.715254920801,6544.98762937437,493.906176
"819",312.939254920801,6544.98762937437,493.906176
"820",335.163254920801,6544.98762937437,493.906176
"821",357.387254920801,6544.98762937437,493.906176
"822",379.611254920801,6544.98762937437,493.906176
"823",401.835254920801,6544.98762937437,493.906176
"824",424.059254920801,6544.98762937437,493.906176
"825",446.283254920801,6544.98762937437,493.906176
"826",468.507254920801,6544.98762937437,493.906176
"827",490.731254920801,6544.98762937437,493.906176
"828",512.955254920801,6544.98762937437,493.906176
"829",535.179254920801,6544.98762937437,493.906176
"830",557.403254920801,6544.98762937437,493.906176
"831",579.627254920801,6544.98762937437,493.906176
"832",601.851254920801,6544.98762937437,493.906176
"833",624.075254920801,6544.98762937437,493.906176
"834",646.299254920801,6544.98762937437,493.906176
"835",668.523254920801,6544.98762937437,493.906176
"836",690.747254920801,6544.98762937437,493.906176
"837",712.971254920801,6544.98762937437,493.906176
"838",735.195254920801,6544.98762937437,493.906176
"839",757.419254920801,6544.98762937437,493.906176
"840",779.643254920801,6544.98762937437,493.906176
"841",801.867254920801,6544.98762937437,493.906176
"842",824.091254920801,6544.98762937437,493.906176
"843",846.315254920801,6544.98762937437,493.906176
"844",868.539254920801,6544.98762937437,493.906176
"845",890.763254920801,6544.98762937437,493.906176
"846",912.987254920801,6544.98762937437,493.906176
"847",935.211254920801,6544.98762937437,493.906176
"848",957.435254920801,6544.98762937437,429.69837312
"849",979.659254920801,6544.98762937437,409.94212608
"850",1001.8832549208,6544.98762937437,143.23279104
"851",1113.0032549208,6544.98762937437,19.75624704
"852",1135.2272549208,6544.98762937437,88.90311168
"853",1157.4512549208,6544.98762937437,172.8671616
"854",1179.6752549208,6544.98762937437,212.37965568
"855",135.147254920801,6522.76362937437,276.58745856
"856",157.371254920801,6522.76362937437,493.906176
"857",179.595254920801,6522.76362937437,493.906176
"858",201.819254920801,6522.76362937437,493.906176
"859",224.043254920801,6522.76362937437,493.906176
"860",246.267254920801,6522.76362937437,474.14992896
"861",268.491254920801,6522.76362937437,493.906176
"862",290.715254920801,6522.76362937437,493.906176
"863",312.939254920801,6522.76362937437,493.906176
"864",335.163254920801,6522.76362937437,493.906176
"865",357.387254920801,6522.76362937437,493.906176
"866",379.611254920801,6522.76362937437,493.906176
"867",401.835254920801,6522.76362937437,493.906176
"868",424.059254920801,6522.76362937437,493.906176
"869",446.283254920801,6522.76362937437,493.906176
"870",468.507254920801,6522.76362937437,493.906176
"871",490.731254920801,6522.76362937437,493.906176
"872",512.955254920801,6522.76362937437,493.906176
"873",535.179254920801,6522.76362937437,493.906176
"874",557.403254920801,6522.76362937437,493.906176
"875",579.627254920801,6522.76362937437,493.906176
"876",601.851254920801,6522.76362937437,493.906176
"877",624.075254920801,6522.76362937437,493.906176
"878",646.299254920801,6522.76362937437,493.906176
"879",668.523254920801,6522.76362937437,493.906176
"880",690.747254920801,6522.76362937437,493.906176
"881",712.971254920801,6522.76362937437,493.906176
"882",735.195254920801,6522.76362937437,493.906176
"883",757.419254920801,6522.76362937437,493.906176
"884",779.643254920801,6522.76362937437,493.906176
"885",801.867254920801,6522.76362937437,493.906176
"886",824.091254920801,6522.76362937437,493.906176
"887",846.315254920801,6522.76362937437,493.906176
"888",868.539254920801,6522.76362937437,493.906176
"889",890.763254920801,6522.76362937437,493.906176
"890",912.987254920801,6522.76362937437,493.906176
"891",935.211254920801,6522.76362937437,493.906176
"892",957.435254920801,6522.76362937437,493.906176
"893",979.659254920801,6522.76362937437,493.906176
"894",1001.8832549208,6522.76362937437,281.52652032
"895",1024.1072549208,6522.76362937437,187.68434688
"896",1046.3312549208,6522.76362937437,271.6483968
"897",1068.5552549208,6522.76362937437,350.67338496
"898",1090.7792549208,6522.76362937437,424.75931136
"899",1113.0032549208,6522.76362937437,493.906176
"900",1135.2272549208,6522.76362937437,493.906176
"901",1157.4512549208,6522.76362937437,493.906176
"902",1179.6752549208,6522.76362937437,464.27180544
"903",1224.1232549208,6522.76362937437,74.0859264
"904",1246.3472549208,6522.76362937437,172.8671616
"905",1268.5712549208,6522.76362937437,83.96404992
"906",157.371254920801,6500.53962937437,29.63437056
"907",179.595254920801,6500.53962937437,69.14686464
"908",201.819254920801,6500.53962937437,133.35466752
"909",224.043254920801,6500.53962937437,340.79526144
"910",246.267254920801,6500.53962937437,321.0390144
"911",268.491254920801,6500.53962937437,24.6953088
"912",290.715254920801,6500.53962937437,197.5624704
"913",312.939254920801,6500.53962937437,493.906176
"914",335.163254920801,6500.53962937437,493.906176
"915",357.387254920801,6500.53962937437,493.906176
"916",379.611254920801,6500.53962937437,493.906176
"917",401.835254920801,6500.53962937437,493.906176
"918",424.059254920801,6500.53962937437,493.906176
"919",446.283254920801,6500.53962937437,493.906176
"920",468.507254920801,6500.53962937437,493.906176
"921",490.731254920801,6500.53962937437,493.906176
"922",512.955254920801,6500.53962937437,493.906176
"923",535.179254920801,6500.53962937437,493.906176
"924",557.403254920801,6500.53962937437,493.906176
"925",579.627254920801,6500.53962937437,493.906176
"926",601.851254920801,6500.53962937437,493.906176
"927",624.075254920801,6500.53962937437,493.906176
"928",646.299254920801,6500.53962937437,493.906176
"929",668.523254920801,6500.53962937437,493.906176
"930",690.747254920801,6500.53962937437,493.906176
"931",712.971254920801,6500.53962937437,493.906176
"932",735.195254920801,6500.53962937437,493.906176
"933",757.419254920801,6500.53962937437,493.906176
"934",779.643254920801,6500.53962937437,493.906176
"935",801.867254920801,6500.53962937437,493.906176
"936",824.091254920801,6500.53962937437,493.906176
"937",846.315254920801,6500.53962937437,493.906176
"938",868.539254920801,6500.53962937437,493.906176
"939",890.763254920801,6500.53962937437,493.906176
"940",912.987254920801,6500.53962937437,493.906176
"941",935.211254920801,6500.53962937437,493.906176
"942",957.435254920801,6500.53962937437,493.906176
"943",979.659254920801,6500.53962937437,493.906176
"944",1001.8832549208,6500.53962937437,493.906176
"945",1024.1072549208,6500.53962937437,493.906176
"946",1046.3312549208,6500.53962937437,493.906176
"947",1068.5552549208,6500.53962937437,493.906176
"948",1090.7792549208,6500.53962937437,493.906176
"949",1113.0032549208,6500.53962937437,493.906176
"950",1135.2272549208,6500.53962937437,493.906176
"951",1157.4512549208,6500.53962937437,493.906176
"952",1179.6752549208,6500.53962937437,493.906176
"953",1201.8992549208,6500.53962937437,469.2108672
"954",1224.1232549208,6500.53962937437,493.906176
"955",1246.3472549208,6500.53962937437,493.906176
"956",1268.5712549208,6500.53962937437,217.31871744
"957",224.043254920801,6478.31562937437,9.87812352
"958",246.267254920801,6478.31562937437,177.80622336
"959",290.715254920801,6478.31562937437,79.02498816
"960",312.939254920801,6478.31562937437,424.75931136
"961",335.163254920801,6478.31562937437,493.906176
"962",357.387254920801,6478.31562937437,493.906176
"963",379.611254920801,6478.31562937437,493.906176
"964",401.835254920801,6478.31562937437,493.906176
"965",424.059254920801,6478.31562937437,493.906176
"966",446.283254920801,6478.31562937437,493.906176
"967",468.507254920801,6478.31562937437,493.906176
"968",490.731254920801,6478.31562937437,493.906176
"969",512.955254920801,6478.31562937437,493.906176
"970",535.179254920801,6478.31562937437,493.906176
"971",557.403254920801,6478.31562937437,493.906176
"972",579.627254920801,6478.31562937437,493.906176
"973",601.851254920801,6478.31562937437,493.906176
"974",624.075254920801,6478.31562937437,493.906176
"975",646.299254920801,6478.31562937437,493.906176
"976",668.523254920801,6478.31562937437,493.906176
"977",690.747254920801,6478.31562937437,493.906176
"978",712.971254920801,6478.31562937437,493.906176
"979",735.195254920801,6478.31562937437,493.906176
"980",757.419254920801,6478.31562937437,493.906176
"981",779.643254920801,6478.31562937437,493.906176
"982",801.867254920801,6478.31562937437,493.906176
"983",824.091254920801,6478.31562937437,493.906176
"984",846.315254920801,6478.31562937437,493.906176
"985",868.539254920801,6478.31562937437,493.906176
"986",890.763254920801,6478.31562937437,493.906176
"987",912.987254920801,6478.31562937437,493.906176
"988",935.211254920801,6478.31562937437,493.906176
"989",957.435254920801,6478.31562937437,493.906176
"990",979.659254920801,6478.31562937437,493.906176
"991",1001.8832549208,6478.31562937437,493.906176
"992",1024.1072549208,6478.31562937437,493.906176
"993",1046.3312549208,6478.31562937437,493.906176
"994",1068.5552549208,6478.31562937437,493.906176
"995",1090.7792549208,6478.31562937437,493.906176
"996",1113.0032549208,6478.31562937437,493.906176
"997",1135.2272549208,6478.31562937437,493.906176
"998",1157.4512549208,6478.31562937437,493.906176
"999",1179.6752549208,6478.31562937437,493.906176
"1000",1201.8992549208,6478.31562937437,493.906176
"1001",1224.1232549208,6478.31562937437,493.906176
"1002",1246.3472549208,6478.31562937437,493.906176
"1003",1268.5712549208,6478.31562937437,271.6483968
"1004",312.939254920801,6456.09162937437,256.83121152
"1005",335.163254920801,6456.09162937437,493.906176
"1006",357.387254920801,6456.09162937437,493.906176
"1007",379.611254920801,6456.09162937437,493.906176
"1008",401.835254920801,6456.09162937437,493.906176
"1009",424.059254920801,6456.09162937437,493.906176
"1010",446.283254920801,6456.09162937437,493.906176
"1011",468.507254920801,6456.09162937437,493.906176
"1012",490.731254920801,6456.09162937437,493.906176
"1013",512.955254920801,6456.09162937437,493.906176
"1014",535.179254920801,6456.09162937437,493.906176
"1015",557.403254920801,6456.09162937437,493.906176
"1016",579.627254920801,6456.09162937437,493.906176
"1017",601.851254920801,6456.09162937437,493.906176
"1018",624.075254920801,6456.09162937437,493.906176
"1019",646.299254920801,6456.09162937437,493.906176
"1020",668.523254920801,6456.09162937437,493.906176
"1021",690.747254920801,6456.09162937437,493.906176
"1022",712.971254920801,6456.09162937437,493.906176
"1023",735.195254920801,6456.09162937437,493.906176
"1024",757.419254920801,6456.09162937437,493.906176
"1025",779.643254920801,6456.09162937437,493.906176
"1026",801.867254920801,6456.09162937437,493.906176
"1027",824.091254920801,6456.09162937437,493.906176
"1028",846.315254920801,6456.09162937437,493.906176
"1029",868.539254920801,6456.09162937437,493.906176
"1030",890.763254920801,6456.09162937437,493.906176
"1031",912.987254920801,6456.09162937437,493.906176
"1032",935.211254920801,6456.09162937437,493.906176
"1033",957.435254920801,6456.09162937437,493.906176
"1034",979.659254920801,6456.09162937437,493.906176
"1035",1001.8832549208,6456.09162937437,493.906176
"1036",1024.1072549208,6456.09162937437,493.906176
"1037",1046.3312549208,6456.09162937437,493.906176
"1038",1068.5552549208,6456.09162937437,493.906176
"1039",1090.7792549208,6456.09162937437,493.906176
"1040",1113.0032549208,6456.09162937437,493.906176
"1041",1135.2272549208,6456.09162937437,493.906176
"1042",1157.4512549208,6456.09162937437,493.906176
"1043",1179.6752549208,6456.09162937437,493.906176
"1044",1201.8992549208,6456.09162937437,493.906176
"1045",1224.1232549208,6456.09162937437,493.906176
"1046",1246.3472549208,6456.09162937437,493.906176
"1047",1268.5712549208,6456.09162937437,330.91713792
"1048",312.939254920801,6433.86762937437,49.3906176
"1049",335.163254920801,6433.86762937437,449.45462016
"1050",357.387254920801,6433.86762937437,493.906176
"1051",379.611254920801,6433.86762937437,493.906176
"1052",401.835254920801,6433.86762937437,493.906176
"1053",424.059254920801,6433.86762937437,493.906176
"1054",446.283254920801,6433.86762937437,493.906176
"1055",468.507254920801,6433.86762937437,493.906176
"1056",490.731254920801,6433.86762937437,493.906176
"1057",512.955254920801,6433.86762937437,493.906176
"1058",535.179254920801,6433.86762937437,493.906176
"1059",557.403254920801,6433.86762937437,493.906176
"1060",579.627254920801,6433.86762937437,493.906176
"1061",601.851254920801,6433.86762937437,493.906176
"1062",624.075254920801,6433.86762937437,493.906176
"1063",646.299254920801,6433.86762937437,493.906176
"1064",668.523254920801,6433.86762937437,493.906176
"1065",690.747254920801,6433.86762937437,493.906176
"1066",712.971254920801,6433.86762937437,493.906176
"1067",735.195254920801,6433.86762937437,493.906176
"1068",757.419254920801,6433.86762937437,493.906176
"1069",779.643254920801,6433.86762937437,493.906176
"1070",801.867254920801,6433.86762937437,493.906176
"1071",824.091254920801,6433.86762937437,493.906176
"1072",846.315254920801,6433.86762937437,493.906176
"1073",868.539254920801,6433.86762937437,493.906176
"1074",890.763254920801,6433.86762937437,493.906176
"1075",912.987254920801,6433.86762937437,493.906176
"1076",935.211254920801,6433.86762937437,493.906176
"1077",957.435254920801,6433.86762937437,493.906176
"1078",979.659254920801,6433.86762937437,493.906176
"1079",1001.8832549208,6433.86762937437,493.906176
"1080",1024.1072549208,6433.86762937437,493.906176
"1081",1046.3312549208,6433.86762937437,493.906176
"1082",1068.5552549208,6433.86762937437,493.906176
"1083",1090.7792549208,6433.86762937437,493.906176
"1084",1113.0032549208,6433.86762937437,493.906176
"1085",1135.2272549208,6433.86762937437,493.906176
"1086",1157.4512549208,6433.86762937437,493.906176
"1087",1179.6752549208,6433.86762937437,493.906176
"1088",1201.8992549208,6433.86762937437,493.906176
"1089",1224.1232549208,6433.86762937437,493.906176
"1090",1246.3472549208,6433.86762937437,493.906176
"1091",1268.5712549208,6433.86762937437,251.89214976
"1092",312.939254920801,6411.64362937437,14.81718528
"1093",335.163254920801,6411.64362937437,162.98903808
"1094",357.387254920801,6411.64362937437,493.906176
"1095",379.611254920801,6411.64362937437,493.906176
"1096",401.835254920801,6411.64362937437,493.906176
"1097",424.059254920801,6411.64362937437,493.906176
"1098",446.283254920801,6411.64362937437,493.906176
"1099",468.507254920801,6411.64362937437,493.906176
"1100",490.731254920801,6411.64362937437,493.906176
"1101",512.955254920801,6411.64362937437,493.906176
"1102",535.179254920801,6411.64362937437,493.906176
"1103",557.403254920801,6411.64362937437,493.906176
"1104",579.627254920801,6411.64362937437,493.906176
"1105",601.851254920801,6411.64362937437,493.906176
"1106",624.075254920801,6411.64362937437,493.906176
"1107",646.299254920801,6411.64362937437,493.906176
"1108",668.523254920801,6411.64362937437,493.906176
"1109",690.747254920801,6411.64362937437,493.906176
"1110",712.971254920801,6411.64362937437,493.906176
"1111",735.195254920801,6411.64362937437,493.906176
"1112",757.419254920801,6411.64362937437,493.906176
"1113",779.643254920801,6411.64362937437,493.906176
"1114",801.867254920801,6411.64362937437,493.906176
"1115",824.091254920801,6411.64362937437,493.906176
"1116",846.315254920801,6411.64362937437,493.906176
"1117",868.539254920801,6411.64362937437,493.906176
"1118",890.763254920801,6411.64362937437,493.906176
"1119",912.987254920801,6411.64362937437,493.906176
"1120",935.211254920801,6411.64362937437,493.906176
"1121",957.435254920801,6411.64362937437,493.906176
"1122",979.659254920801,6411.64362937437,493.906176
"1123",1001.8832549208,6411.64362937437,493.906176
"1124",1024.1072549208,6411.64362937437,493.906176
"1125",1046.3312549208,6411.64362937437,493.906176
"1126",1068.5552549208,6411.64362937437,493.906176
"1127",1090.7792549208,6411.64362937437,493.906176
"1128",1113.0032549208,6411.64362937437,493.906176
"1129",1135.2272549208,6411.64362937437,493.906176
"1130",1157.4512549208,6411.64362937437,493.906176
"1131",1179.6752549208,6411.64362937437,493.906176
"1132",1201.8992549208,6411.64362937437,493.906176
"1133",1224.1232549208,6411.64362937437,493.906176
"1134",1246.3472549208,6411.64362937437,365.49057024
"1135",312.939254920801,6389.41962937437,153.11091456
"1136",335.163254920801,6389.41962937437,424.75931136
"1137",357.387254920801,6389.41962937437,493.906176
"1138",379.611254920801,6389.41962937437,493.906176
"1139",401.835254920801,6389.41962937437,493.906176
"1140",424.059254920801,6389.41962937437,493.906176
"1141",446.283254920801,6389.41962937437,493.906176
"1142",468.507254920801,6389.41962937437,493.906176
"1143",490.731254920801,6389.41962937437,493.906176
"1144",512.955254920801,6389.41962937437,493.906176
"1145",535.179254920801,6389.41962937437,493.906176
"1146",557.403254920801,6389.41962937437,493.906176
"1147",579.627254920801,6389.41962937437,493.906176
"1148",601.851254920801,6389.41962937437,493.906176
"1149",624.075254920801,6389.41962937437,493.906176
"1150",646.299254920801,6389.41962937437,493.906176
"1151",668.523254920801,6389.41962937437,493.906176
"1152",690.747254920801,6389.41962937437,493.906176
"1153",712.971254920801,6389.41962937437,493.906176
"1154",735.195254920801,6389.41962937437,493.906176
"1155",757.419254920801,6389.41962937437,493.906176
"1156",779.643254920801,6389.41962937437,493.906176
"1157",801.867254920801,6389.41962937437,493.906176
"1158",824.091254920801,6389.41962937437,493.906176
"1159",846.315254920801,6389.41962937437,493.906176
"1160",868.539254920801,6389.41962937437,493.906176
"1161",890.763254920801,6389.41962937437,493.906176
"1162",912.987254920801,6389.41962937437,493.906176
"1163",935.211254920801,6389.41962937437,493.906176
"1164",957.435254920801,6389.41962937437,493.906176
"1165",979.659254920801,6389.41962937437,493.906176
"1166",1001.8832549208,6389.41962937437,493.906176
"1167",1024.1072549208,6389.41962937437,493.906176
"1168",1046.3312549208,6389.41962937437,493.906176
"1169",1068.5552549208,6389.41962937437,493.906176
"1170",1090.7792549208,6389.41962937437,493.906176
"1171",1113.0032549208,6389.41962937437,493.906176
"1172",1135.2272549208,6389.41962937437,493.906176
"1173",1157.4512549208,6389.41962937437,493.906176
"1174",1179.6752549208,6389.41962937437,493.906176
"1175",1201.8992549208,6389.41962937437,493.906176
"1176",1224.1232549208,6389.41962937437,474.14992896
"1177",1246.3472549208,6389.41962937437,29.63437056
"1178",335.163254920801,6367.19562937437,370.429632
"1179",357.387254920801,6367.19562937437,493.906176
"1180",379.611254920801,6367.19562937437,493.906176
"1181",401.835254920801,6367.19562937437,493.906176
"1182",424.059254920801,6367.19562937437,493.906176
"1183",446.283254920801,6367.19562937437,493.906176
"1184",468.507254920801,6367.19562937437,493.906176
"1185",490.731254920801,6367.19562937437,493.906176
"1186",512.955254920801,6367.19562937437,493.906176
"1187",535.179254920801,6367.19562937437,493.906176
"1188",557.403254920801,6367.19562937437,493.906176
"1189",579.627254920801,6367.19562937437,493.906176
"1190",601.851254920801,6367.19562937437,493.906176
"1191",624.075254920801,6367.19562937437,493.906176
"1192",646.299254920801,6367.19562937437,493.906176
"1193",668.523254920801,6367.19562937437,493.906176
"1194",690.747254920801,6367.19562937437,493.906176
"1195",712.971254920801,6367.19562937437,493.906176
"1196",735.195254920801,6367.19562937437,493.906176
"1197",757.419254920801,6367.19562937437,493.906176
"1198",779.643254920801,6367.19562937437,493.906176
"1199",801.867254920801,6367.19562937437,493.906176
"1200",824.091254920801,6367.19562937437,493.906176
"1201",846.315254920801,6367.19562937437,493.906176
"1202",868.539254920801,6367.19562937437,493.906176
"1203",890.763254920801,6367.19562937437,493.906176
"1204",912.987254920801,6367.19562937437,493.906176
"1205",935.211254920801,6367.19562937437,493.906176
"1206",957.435254920801,6367.19562937437,493.906176
"1207",979.659254920801,6367.19562937437,493.906176
"1208",1001.8832549208,6367.19562937437,493.906176
"1209",1024.1072549208,6367.19562937437,493.906176
"1210",1046.3312549208,6367.19562937437,493.906176
"1211",1068.5552549208,6367.19562937437,493.906176
"1212",1090.7792549208,6367.19562937437,493.906176
"1213",1113.0032549208,6367.19562937437,493.906176
"1214",1135.2272549208,6367.19562937437,493.906176
"1215",1157.4512549208,6367.19562937437,493.906176
"1216",1179.6752549208,6367.19562937437,493.906176
"1217",1201.8992549208,6367.19562937437,469.2108672
"1218",1224.1232549208,6367.19562937437,246.953088
"1219",335.163254920801,6344.97162937437,325.97807616
"1220",357.387254920801,6344.97162937437,493.906176
"1221",379.611254920801,6344.97162937437,493.906176
"1222",401.835254920801,6344.97162937437,493.906176
"1223",424.059254920801,6344.97162937437,493.906176
"1224",446.283254920801,6344.97162937437,493.906176
"1225",468.507254920801,6344.97162937437,493.906176
"1226",490.731254920801,6344.97162937437,493.906176
"1227",512.955254920801,6344.97162937437,493.906176
"1228",535.179254920801,6344.97162937437,419.8202496
"1229",557.403254920801,6344.97162937437,449.45462016
"1230",579.627254920801,6344.97162937437,493.906176
"1231",601.851254920801,6344.97162937437,493.906176
"1232",624.075254920801,6344.97162937437,493.906176
"1233",646.299254920801,6344.97162937437,493.906176
"1234",668.523254920801,6344.97162937437,493.906176
"1235",690.747254920801,6344.97162937437,493.906176
"1236",712.971254920801,6344.97162937437,493.906176
"1237",735.195254920801,6344.97162937437,493.906176
"1238",757.419254920801,6344.97162937437,493.906176
"1239",779.643254920801,6344.97162937437,493.906176
"1240",801.867254920801,6344.97162937437,493.906176
"1241",824.091254920801,6344.97162937437,493.906176
"1242",846.315254920801,6344.97162937437,493.906176
"1243",868.539254920801,6344.97162937437,493.906176
"1244",890.763254920801,6344.97162937437,493.906176
"1245",912.987254920801,6344.97162937437,493.906176
"1246",935.211254920801,6344.97162937437,493.906176
"1247",957.435254920801,6344.97162937437,493.906176
"1248",979.659254920801,6344.97162937437,493.906176
"1249",1001.8832549208,6344.97162937437,493.906176
"1250",1024.1072549208,6344.97162937437,493.906176
"1251",1046.3312549208,6344.97162937437,493.906176
"1252",1068.5552549208,6344.97162937437,493.906176
"1253",1090.7792549208,6344.97162937437,493.906176
"1254",1113.0032549208,6344.97162937437,493.906176
"1255",1135.2272549208,6344.97162937437,493.906176
"1256",1157.4512549208,6344.97162937437,493.906176
"1257",1179.6752549208,6344.97162937437,493.906176
"1258",1201.8992549208,6344.97162937437,296.3437056
"1259",335.163254920801,6322.74762937437,74.0859264
"1260",357.387254920801,6322.74762937437,316.09995264
"1261",379.611254920801,6322.74762937437,493.906176
"1262",401.835254920801,6322.74762937437,493.906176
"1263",424.059254920801,6322.74762937437,493.906176
"1264",446.283254920801,6322.74762937437,493.906176
"1265",468.507254920801,6322.74762937437,493.906176
"1266",490.731254920801,6322.74762937437,493.906176
"1267",512.955254920801,6322.74762937437,493.906176
"1268",535.179254920801,6322.74762937437,484.02805248
"1269",557.403254920801,6322.74762937437,493.906176
"1270",579.627254920801,6322.74762937437,493.906176
"1271",601.851254920801,6322.74762937437,493.906176
"1272",624.075254920801,6322.74762937437,493.906176
"1273",646.299254920801,6322.74762937437,493.906176
"1274",668.523254920801,6322.74762937437,493.906176
"1275",690.747254920801,6322.74762937437,493.906176
"1276",712.971254920801,6322.74762937437,493.906176
"1277",735.195254920801,6322.74762937437,493.906176
"1278",757.419254920801,6322.74762937437,493.906176
"1279",779.643254920801,6322.74762937437,493.906176
"1280",801.867254920801,6322.74762937437,493.906176
"1281",824.091254920801,6322.74762937437,493.906176
"1282",846.315254920801,6322.74762937437,493.906176
"1283",868.539254920801,6322.74762937437,493.906176
"1284",890.763254920801,6322.74762937437,493.906176
"1285",912.987254920801,6322.74762937437,493.906176
"1286",935.211254920801,6322.74762937437,493.906176
"1287",957.435254920801,6322.74762937437,493.906176
"1288",979.659254920801,6322.74762937437,493.906176
"1289",1001.8832549208,6322.74762937437,493.906176
"1290",1024.1072549208,6322.74762937437,493.906176
"1291",1046.3312549208,6322.74762937437,493.906176
"1292",1068.5552549208,6322.74762937437,493.906176
"1293",1090.7792549208,6322.74762937437,493.906176
"1294",1113.0032549208,6322.74762937437,493.906176
"1295",1135.2272549208,6322.74762937437,493.906176
"1296",1157.4512549208,6322.74762937437,488.96711424
"1297",1179.6752549208,6322.74762937437,266.70933504
"1298",1201.8992549208,6322.74762937437,14.81718528
"1299",357.387254920801,6300.52362937437,108.65935872
"1300",379.611254920801,6300.52362937437,474.14992896
"1301",401.835254920801,6300.52362937437,493.906176
"1302",424.059254920801,6300.52362937437,493.906176
"1303",446.283254920801,6300.52362937437,493.906176
"1304",468.507254920801,6300.52362937437,493.906176
"1305",490.731254920801,6300.52362937437,493.906176
"1306",512.955254920801,6300.52362937437,493.906176
"1307",535.179254920801,6300.52362937437,493.906176
"1308",557.403254920801,6300.52362937437,493.906176
"1309",579.627254920801,6300.52362937437,493.906176
"1310",601.851254920801,6300.52362937437,493.906176
"1311",624.075254920801,6300.52362937437,493.906176
"1312",646.299254920801,6300.52362937437,493.906176
"1313",668.523254920801,6300.52362937437,493.906176
"1314",690.747254920801,6300.52362937437,493.906176
"1315",712.971254920801,6300.52362937437,493.906176
"1316",735.195254920801,6300.52362937437,493.906176
"1317",757.419254920801,6300.52362937437,493.906176
"1318",779.643254920801,6300.52362937437,493.906176
"1319",801.867254920801,6300.52362937437,493.906176
"1320",824.091254920801,6300.52362937437,493.906176
"1321",846.315254920801,6300.52362937437,493.906176
"1322",868.539254920801,6300.52362937437,493.906176
"1323",890.763254920801,6300.52362937437,493.906176
"1324",912.987254920801,6300.52362937437,493.906176
"1325",935.211254920801,6300.52362937437,493.906176
"1326",957.435254920801,6300.52362937437,493.906176
"1327",979.659254920801,6300.52362937437,493.906176
"1328",1001.8832549208,6300.52362937437,493.906176
"1329",1024.1072549208,6300.52362937437,493.906176
"1330",1046.3312549208,6300.52362937437,493.906176
"1331",1068.5552549208,6300.52362937437,493.906176
"1332",1090.7792549208,6300.52362937437,493.906176
"1333",1113.0032549208,6300.52362937437,493.906176
"1334",1135.2272549208,6300.52362937437,493.906176
"1335",1157.4512549208,6300.52362937437,296.3437056
"1336",379.611254920801,6278.29962937437,88.90311168
"1337",401.835254920801,6278.29962937437,434.63743488
"1338",424.059254920801,6278.29962937437,330.91713792
"1339",446.283254920801,6278.29962937437,469.2108672
"1340",468.507254920801,6278.29962937437,493.906176
"1341",490.731254920801,6278.29962937437,493.906176
"1342",512.955254920801,6278.29962937437,493.906176
"1343",535.179254920801,6278.29962937437,493.906176
"1344",557.403254920801,6278.29962937437,493.906176
"1345",579.627254920801,6278.29962937437,419.8202496
"1346",601.851254920801,6278.29962937437,488.96711424
"1347",624.075254920801,6278.29962937437,493.906176
"1348",646.299254920801,6278.29962937437,493.906176
"1349",668.523254920801,6278.29962937437,493.906176
"1350",690.747254920801,6278.29962937437,493.906176
"1351",712.971254920801,6278.29962937437,493.906176
"1352",735.195254920801,6278.29962937437,493.906176
"1353",757.419254920801,6278.29962937437,493.906176
"1354",779.643254920801,6278.29962937437,493.906176
"1355",801.867254920801,6278.29962937437,493.906176
"1356",824.091254920801,6278.29962937437,493.906176
"1357",846.315254920801,6278.29962937437,493.906176
"1358",868.539254920801,6278.29962937437,493.906176
"1359",890.763254920801,6278.29962937437,493.906176
"1360",912.987254920801,6278.29962937437,493.906176
"1361",935.211254920801,6278.29962937437,493.906176
"1362",957.435254920801,6278.29962937437,493.906176
"1363",979.659254920801,6278.29962937437,493.906176
"1364",1001.8832549208,6278.29962937437,493.906176
"1365",1024.1072549208,6278.29962937437,493.906176
"1366",1046.3312549208,6278.29962937437,493.906176
"1367",1068.5552549208,6278.29962937437,493.906176
"1368",1090.7792549208,6278.29962937437,493.906176
"1369",1113.0032549208,6278.29962937437,474.14992896
"1370",1135.2272549208,6278.29962937437,405.00306432
"1371",1157.4512549208,6278.29962937437,74.0859264
"1372",401.835254920801,6256.07562937437,4.93906176
"1373",446.283254920801,6256.07562937437,64.20780288
"1374",468.507254920801,6256.07562937437,182.74528512
"1375",490.731254920801,6256.07562937437,493.906176
"1376",512.955254920801,6256.07562937437,493.906176
"1377",535.179254920801,6256.07562937437,493.906176
"1378",557.403254920801,6256.07562937437,493.906176
"1379",579.627254920801,6256.07562937437,493.906176
"1380",601.851254920801,6256.07562937437,493.906176
"1381",624.075254920801,6256.07562937437,493.906176
"1382",646.299254920801,6256.07562937437,493.906176
"1383",668.523254920801,6256.07562937437,493.906176
"1384",690.747254920801,6256.07562937437,493.906176
"1385",712.971254920801,6256.07562937437,493.906176
"1386",735.195254920801,6256.07562937437,493.906176
"1387",757.419254920801,6256.07562937437,493.906176
"1388",779.643254920801,6256.07562937437,493.906176
"1389",801.867254920801,6256.07562937437,493.906176
"1390",824.091254920801,6256.07562937437,493.906176
"1391",846.315254920801,6256.07562937437,493.906176
"1392",868.539254920801,6256.07562937437,493.906176
"1393",890.763254920801,6256.07562937437,493.906176
"1394",912.987254920801,6256.07562937437,493.906176
"1395",935.211254920801,6256.07562937437,493.906176
"1396",957.435254920801,6256.07562937437,493.906176
"1397",979.659254920801,6256.07562937437,493.906176
"1398",1001.8832549208,6256.07562937437,493.906176
"1399",1024.1072549208,6256.07562937437,493.906176
"1400",1046.3312549208,6256.07562937437,493.906176
"1401",1068.5552549208,6256.07562937437,493.906176
"1402",1090.7792549208,6256.07562937437,484.02805248
"1403",1113.0032549208,6256.07562937437,4.93906176
"1404",490.731254920801,6233.85162937437,202.50153216
"1405",512.955254920801,6233.85162937437,414.88118784
"1406",535.179254920801,6233.85162937437,493.906176
"1407",557.403254920801,6233.85162937437,493.906176
"1408",579.627254920801,6233.85162937437,311.16089088
"1409",601.851254920801,6233.85162937437,182.74528512
"1410",624.075254920801,6233.85162937437,340.79526144
"1411",646.299254920801,6233.85162937437,321.0390144
"1412",668.523254920801,6233.85162937437,488.96711424
"1413",690.747254920801,6233.85162937437,493.906176
"1414",712.971254920801,6233.85162937437,493.906176
"1415",735.195254920801,6233.85162937437,493.906176
"1416",757.419254920801,6233.85162937437,493.906176
"1417",779.643254920801,6233.85162937437,493.906176
"1418",801.867254920801,6233.85162937437,493.906176
"1419",824.091254920801,6233.85162937437,493.906176
"1420",846.315254920801,6233.85162937437,493.906176
"1421",868.539254920801,6233.85162937437,493.906176
"1422",890.763254920801,6233.85162937437,493.906176
"1423",912.987254920801,6233.85162937437,493.906176
"1424",935.211254920801,6233.85162937437,493.906176
"1425",957.435254920801,6233.85162937437,493.906176
"1426",979.659254920801,6233.85162937437,493.906176
"1427",1001.8832549208,6233.85162937437,493.906176
"1428",1024.1072549208,6233.85162937437,493.906176
"1429",1046.3312549208,6233.85162937437,493.906176
"1430",1068.5552549208,6233.85162937437,291.40464384
"1431",1090.7792549208,6233.85162937437,39.51249408
"1432",535.179254920801,6211.62762937437,88.90311168
"1433",557.403254920801,6211.62762937437,276.58745856
"1434",579.627254920801,6211.62762937437,212.37965568
"1435",646.299254920801,6211.62762937437,59.26874112
"1436",668.523254920801,6211.62762937437,424.75931136
"1437",690.747254920801,6211.62762937437,493.906176
"1438",712.971254920801,6211.62762937437,493.906176
"1439",735.195254920801,6211.62762937437,493.906176
"1440",757.419254920801,6211.62762937437,493.906176
"1441",779.643254920801,6211.62762937437,493.906176
"1442",801.867254920801,6211.62762937437,493.906176
"1443",824.091254920801,6211.62762937437,493.906176
"1444",846.315254920801,6211.62762937437,493.906176
"1445",868.539254920801,6211.62762937437,493.906176
"1446",890.763254920801,6211.62762937437,493.906176
"1447",912.987254920801,6211.62762937437,493.906176
"1448",935.211254920801,6211.62762937437,493.906176
"1449",957.435254920801,6211.62762937437,493.906176
"1450",979.659254920801,6211.62762937437,493.906176
"1451",1001.8832549208,6211.62762937437,493.906176
"1452",1024.1072549208,6211.62762937437,493.906176
"1453",1046.3312549208,6211.62762937437,340.79526144
"1454",1068.5552549208,6211.62762937437,4.93906176
"1455",624.075254920801,6189.40362937437,14.81718528
"1456",646.299254920801,6189.40362937437,439.57649664
"1457",668.523254920801,6189.40362937437,493.906176
"1458",690.747254920801,6189.40362937437,493.906176
"1459",712.971254920801,6189.40362937437,493.906176
"1460",735.195254920801,6189.40362937437,493.906176
"1461",757.419254920801,6189.40362937437,493.906176
"1462",779.643254920801,6189.40362937437,493.906176
"1463",801.867254920801,6189.40362937437,493.906176
"1464",824.091254920801,6189.40362937437,493.906176
"1465",846.315254920801,6189.40362937437,493.906176
"1466",868.539254920801,6189.40362937437,493.906176
"1467",890.763254920801,6189.40362937437,493.906176
"1468",912.987254920801,6189.40362937437,493.906176
"1469",935.211254920801,6189.40362937437,493.906176
"1470",957.435254920801,6189.40362937437,493.906176
"1471",979.659254920801,6189.40362937437,493.906176
"1472",1001.8832549208,6189.40362937437,479.08899072
"1473",1024.1072549208,6189.40362937437,424.75931136
"1474",1046.3312549208,6189.40362937437,64.20780288
"1475",646.299254920801,6167.17962937437,113.59842048
"1476",668.523254920801,6167.17962937437,405.00306432
"1477",690.747254920801,6167.17962937437,493.906176
"1478",712.971254920801,6167.17962937437,493.906176
"1479",735.195254920801,6167.17962937437,493.906176
"1480",757.419254920801,6167.17962937437,493.906176
"1481",779.643254920801,6167.17962937437,493.906176
"1482",801.867254920801,6167.17962937437,493.906176
"1483",824.091254920801,6167.17962937437,493.906176
"1484",846.315254920801,6167.17962937437,493.906176
"1485",868.539254920801,6167.17962937437,493.906176
"1486",890.763254920801,6167.17962937437,493.906176
"1487",912.987254920801,6167.17962937437,493.906176
"1488",935.211254920801,6167.17962937437,493.906176
"1489",957.435254920801,6167.17962937437,493.906176
"1490",979.659254920801,6167.17962937437,479.08899072
"1491",1001.8832549208,6167.17962937437,64.20780288
"1492",668.523254920801,6144.95562937437,19.75624704
"1493",690.747254920801,6144.95562937437,281.52652032
"1494",712.971254920801,6144.95562937437,488.96711424
"1495",735.195254920801,6144.95562937437,493.906176
"1496",757.419254920801,6144.95562937437,493.906176
"1497",779.643254920801,6144.95562937437,493.906176
"1498",801.867254920801,6144.95562937437,493.906176
"1499",824.091254920801,6144.95562937437,493.906176
"1500",846.315254920801,6144.95562937437,493.906176
"1501",868.539254920801,6144.95562937437,493.906176
"1502",890.763254920801,6144.95562937437,493.906176
"1503",912.987254920801,6144.95562937437,493.906176
"1504",935.211254920801,6144.95562937437,488.96711424
"1505",957.435254920801,6144.95562937437,434.63743488
"1506",979.659254920801,6144.95562937437,370.429632
"1507",1001.8832549208,6144.95562937437,118.53748224
"1508",712.971254920801,6122.73162937437,167.92809984
"1509",735.195254920801,6122.73162937437,484.02805248
"1510",757.419254920801,6122.73162937437,493.906176
"1511",779.643254920801,6122.73162937437,493.906176
"1512",801.867254920801,6122.73162937437,493.906176
"1513",824.091254920801,6122.73162937437,493.906176
"1514",846.315254920801,6122.73162937437,493.906176
"1515",868.539254920801,6122.73162937437,493.906176
"1516",890.763254920801,6122.73162937437,493.906176
"1517",912.987254920801,6122.73162937437,493.906176
"1518",935.211254920801,6122.73162937437,79.02498816
"1519",735.195254920801,6100.50762937437,113.59842048
"1520",757.419254920801,6100.50762937437,325.97807616
"1521",779.643254920801,6100.50762937437,459.33274368
"1522",801.867254920801,6100.50762937437,493.906176
"1523",824.091254920801,6100.50762937437,493.906176
"1524",846.315254920801,6100.50762937437,493.906176
"1525",868.539254920801,6100.50762937437,493.906176
"1526",890.763254920801,6100.50762937437,454.39368192
"1527",912.987254920801,6100.50762937437,222.2577792
"1528",935.211254920801,6100.50762937437,14.81718528
"1529",801.867254920801,6078.28362937437,69.14686464
"1530",824.091254920801,6078.28362937437,69.14686464
"1531",846.315254920801,6078.28362937437,44.45155584
"1532",868.539254920801,6078.28362937437,444.5155584
"1533",890.763254920801,6078.28362937437,330.91713792
"1534",846.315254920801,6056.05962937437,98.7812352
"1535",868.539254920801,6056.05962937437,296.3437056
"1536",890.763254920801,6056.05962937437,83.96404992
