"X","Y","area_km2"
678.155766039214,6397.93404104031,6.74854667453837
659.023841998332,6372.97968909618,102.03576760713
673.230776064509,6382.54685329676,326.493786756132
625.702888491123,6338.90985166219,14.1324062351897
639.539626822164,6347.85268161368,260.410692988365
657.878382690328,6357.07272123473,486.568809736537
675.709702494427,6362.2909002221,334.676306899496
605.517768981401,6313.31793085332,104.599217410332
621.727082756132,6323.36888412554,411.990578397871
641.760837722886,6330.13691190494,493.906176
663.314771268579,6335.73240367879,493.906176
679.64082574832,6340.53020436056,258.644729547708
572.226916831457,6279.23393403997,15.0964078664362
586.091654167695,6288.20716272449,263.641391922453
604.444874658021,6297.38796315444,487.236058867424
625.826866128339,6303.0869571391,493.906176
647.374735355621,6308.68304552587,493.906176
668.926005778198,6314.27698577439,493.906176
683.550794857465,6318.86642815966,182.613152195923
555.516144847762,6261.36168243209,2.71403994308686
569.377845985243,6265.37923681379,339.947833425757
589.029163597143,6270.2048285298,403.17384864376
609.899042782482,6276.03226770524,493.906176
631.440588449894,6281.62955784038,493.906176
651.525782224144,6288.71392937744,402.685221277522
674.335805459575,6296.47239785176,329.072901829721
687.366920385212,6297.84530429081,103.638448667961
578.456120678117,6255.53941021041,8.25719583120978
593.565107976085,6257.28888161301,121.341333864991
615.071924943371,6260.40148326799,231.340010868965
632.969664346443,6265.41992451451,189.077413181429
646.22036985939,6273.37356047161,2.99404522726476
690.870655977238,6285.37169176665,0.255877794590652
729.371643758306,6458.48959674692,53.4330230721018
736.406617733712,6458.81977752723,7.40386874918771
711.144553670287,6433.65317302481,160.728821351037
727.768839001007,6443.49182684785,464.356703581793
747.962810760576,6447.54064258401,402.695377766631
766.58131388396,6447.16820626181,107.821248061892
680.344174878543,6399.25963270963,6.55708850347519
692.936204215183,6408.16851965964,281.982796454556
711.188307876043,6416.85060632345,492.993170935138
732.738305011977,6422.46177264051,493.906176
754.316093798497,6428.05854241058,493.906176
775.400223753656,6432.90460157066,458.627750633673
793.298277850414,6431.44941103885,105.508979124854
682.912032478376,6384.88705315965,83.1982917487164
695.210138726764,6389.82237890795,493.906176
716.778909399038,6395.41767499739,493.906176
738.351376450824,6401.01235330647,493.906176
759.927727682357,6406.60660645526,493.906176
781.508151579648,6412.20062511406,493.906176
802.744407611387,6417.18475754744,467.137836853599
824.295832549123,6417.19504112797,211.846005722802
840.815491423581,6417.89895680745,23.8462677174606
686.722745210558,6363.80334933424,159.229869100504
700.823313814967,6368.37278675662,493.906176
722.390181056855,6373.96597028639,493.906176
743.960895715258,6379.55828850217,493.906176
765.535645482551,6385.1499337178,493.906176
787.11461872217,6390.74109629456,493.906176
808.698004486572,6396.33196465412,493.906176
830.285992534599,6401.92272529173,493.906176
851.30452514409,6406.26050833414,437.209762276856
868.828818041793,6405.26085468419,98.0235244500343
1123.95946448577,6466.44273237916,0.028320446422657
690.623614519592,6342.20117466204,235.261446452291
706.433137999198,6346.91848171173,493.906176
727.997943261034,6352.50946181047,493.906176
749.566745525532,6358.09932855014,493.906176
771.13973239059,6363.68827390803,493.906176
792.717092111804,6369.27648790628,493.906176
814.299013620491,6374.86415862411,493.906176
835.885686541154,6380.45147221037,493.906176
857.477301208413,6386.03861289601,493.906176
878.646456272462,6390.85244470875,459.433313066233
900.871763728857,6392.02444084417,260.312961129055
918.098936817408,6393.57977397181,68.4886838591837
1101.48200414113,6443.09323817912,150.762772127511
1117.91001383496,6452.23727310646,441.093912579485
1137.22575608352,6456.2124350233,362.035432535161
1153.01352157979,6452.50785035548,7.39395177644098
694.546376714146,6320.45699825848,311.293023804077
712.039491273593,6325.45921807781,493.906176
733.602078319828,6331.04790324735,493.906176
755.168810547707,6336.6352265302,493.906176
776.739875473257,6342.22137953822,493.906176
798.315461258132,6347.80655192568,493.906176
819.895756727668,6353.39093140092,493.906176
841.480951388465,6358.97470373819,493.906176
863.071235445443,6364.55805278943,493.906176
884.666799818417,6370.14116049626,493.906176
906.267836158147,6375.72420690192,493.906176
927.156390313662,6380.20391436576,440.412403513927
943.170055595373,6377.22650407036,39.0527537184477
1071.15637091574,6406.90220480338,0.0317092498986348
1083.79752430904,6417.21539018664,234.92262885316
1101.06052898247,6425.93419673708,489.731752076543
1122.62187320288,6431.58957552281,493.906176000001
1144.29597377957,6437.18329948527,493.906176
1164.25890920597,6439.1597694563,308.291624012893
1185.9410558663,6438.39201808819,58.9046403325995
698.476304359333,6298.65150927858,387.324601155865
717.642255633671,6303.9947527479,493.906176
739.202470478298,6309.58105090855,493.906176
760.766977318017,6315.16573820021,493.906176
782.335963598853,6320.74900584168,493.906176
803.909617401588,6326.33104309203,493.906176
825.488127459864,6331.9120372616,493.906176
847.071683177855,6337.4921737231,493.906176
868.660474647452,6343.07163592299,493.906176
890.254692665009,6348.65060539262,493.906176
911.854528747617,6354.22926175966,493.906176
933.460175148923,6359.80778275946,493.906176
954.235559933538,6363.52463328716,406.035362462049
977.707643275314,6364.88342148697,219.214743883972
999.441266986435,6369.46893255428,174.996592024161
1021.73405329744,6374.177968887,131.965389538048
1044.27395748682,6380.79265218185,163.811788611815
1065.7746867635,6390.53206902804,322.570024349729
1084.87869975615,6398.86817710267,493.906176
1106.53784309002,6404.45179029994,493.906176
1128.20456256043,6410.03678445897,493.906176000001
1149.87905856021,6415.62331900975,493.906176
1170.57573438183,6422.04890131993,440.243959469964
1192.4874748675,6428.58084791966,390.653443644229
1204.66589348374,6431.10016821514,16.7492114787941
704.989703910591,6281.34434776989,234.608754304324
723.246419044406,6282.5335506486,493.581143927517
744.799005843817,6288.10866366442,493.906176
766.361134170109,6293.69062191887,493.906176
787.927887366244,6299.27091069357,493.906176
809.499453444421,6304.84971882623,493.906176
831.076021060026,6310.42723320325,493.906176
852.657779529365,6316.00363877028,493.906176
874.244918846984,6321.57911854287,493.906176
895.837629702575,6327.15385361713,493.906176
917.436103497443,6332.72802318055,493.906176
939.040532360572,6338.30180452276,493.906176
960.651109164263,6343.87537304634,493.906176
982.268027539371,6349.44890227759,493.906176
1003.89148189013,6355.02256387738,493.906176
1025.52166740858,6360.59652765183,493.906176
1047.15878008862,6366.17096156301,493.906176
1068.80301673967,6371.74603173957,493.906176
1090.45457499998,6377.32190248722,493.906176
1112.11365334959,6382.89873629919,493.906176
1133.78045112294,6388.47669386646,493.906176000001
1155.4551685212,6394.05593408796,493.906176
1176.25125158786,6398.02731158264,416.418852708735
1195.56849121172,6397.09163858295,107.842675559444
728.320244914544,6270.96957649094,52.8014157459227
748.578362328254,6276.20294337984,60.2939164672725
775.04411459998,6277.2055421404,197.932356176095
793.515539036591,6277.78685453399,493.906176
815.084863884295,6283.36233915193,493.906176
836.659334297833,6288.93627886245,493.906176
858.239139519326,6294.50885815964,493.906176
879.824469460721,6300.08025960394,493.906176
901.415514720829,6305.65066383238,493.906176
923.012466601995,6311.22024956874,493.906176
944.615517126379,6316.7891936338,493.906176
966.224859051863,6322.3576709556,493.906176
987.840685887569,6327.92585457974,493.906176
1009.46319190904,6333.4939156796,493.906176
1031.09257217304,6339.06202356658,493.906176
1052.72902253198,6344.63034570027,493.906176
1074.37273964807,6350.19904769856,493.906176
1096.02392100708,6355.76829334771,493.906176
1117.68276493181,6361.33824461226,493.906176
1139.34947059525,6366.90906164491,493.906176000001
1161.02423803348,6372.4809027962,493.906176
1179.14307854303,6380.98575039994,272.236101074475
1197.86152104975,6390.25558763687,86.758600257683
784.290091739459,6252.58517345767,171.244999788509
799.098812467645,6256.29660029339,493.906176
820.665744750367,6261.8686666191,493.906176
842.237965407665,6267.43893643685,493.906176
863.815663620308,6273.00759376574,493.906176
885.399029231468,6278.57482068805,493.906176
906.988252763903,6284.14079735886,493.906176
928.583525436796,6289.70570201577,493.906176
950.185039182242,6295.26971098859,493.906176
971.792986661399,6300.83299870913,493.906176
993.40756128029,6306.395737721,493.906176
1015.02895720529,6311.95809868928,493.906176
1036.65736937826,6317.52025041034,493.906176
1058.2929935314,6323.08235982151,493.906176
1079.93602620176,6328.64459201073,493.906176
1101.58666474547,6334.20711022618,493.906176
1123.2451073517,6339.77007588571,493.906176
1144.91155305631,6345.33364858639,493.906176000001
1166.023534517,6351.24817589408,468.900479487412
1177.74134941736,6359.15230164303,43.0713074828606
790.511548557308,6241.99199749592,2.06989326448977
807.487829635056,6240.53102138446,177.465165601661
826.241993541784,6240.36846622968,493.906176
847.811814028929,6245.93497060922,493.906176
869.387253643342,6251.49960998023,493.906176
890.968502172375,6257.06256592477,493.906176
912.555750076624,6262.62401809415,493.906176
934.149188506928,6268.18414421826,493.906176
955.749009321037,6273.74312011483,493.906176
977.3554051,6279.30111969866,493.906176
998.968569164225,6284.85831499094,493.906176
1020.58869558924,6290.41487612856,493.906176
1042.21597922119,6295.97097137337,493.906176
1063.85061569199,6301.52676712148,493.906176
1085.49280143426,6307.08242791243,493.906176
1107.14273369598,6312.63811643841,493.906176
1128.80061055485,6318.19399355332,493.906176
1148.81217754274,6324.6833983271,413.643026552175
1163.44123671536,6335.6889702533,53.7545692764556
818.505519584092,6221.2960286661,26.8383534446001
832.271272400191,6219.64087724295,458.614960020076
853.380781148606,6224.42414847362,493.906176
874.953812682315,6229.98467363644,493.906176
896.532793513241,6235.5432619145,493.906176
918.117914052815,6241.10009243453,493.906176
939.709365397397,6246.65534239818,493.906176
961.307339345124,6252.20918709079,493.906176
982.912028412505,6257.76179989024,493.906176
1004.52362585071,6263.31335227583,493.906176
1026.14232566164,6268.8640138371,493.906176
1047.76832261365,6274.41395228275,493.906176
1067.47076685349,6280.3936584591,405.859005206316
1088.24063073919,6293.64311151219,112.03249771544
1111.24188145294,6299.59434865073,110.029795824705
1132.04995850246,6304.19946943679,141.275820413244
1146.34980005944,6309.24704076878,29.6452905169579
842.202438451863,6208.98039808555,16.3340503947879
860.637828047589,6204.24367434872,398.39617614885
880.515245060462,6208.46255393617,493.906176
902.091809648864,6214.01667765387,493.906176
923.674653185562,6219.56878919906,493.906176
945.263966725395,6225.11906522544,493.906176
966.85994202066,6230.66768046659,493.906176
988.462771537889,6236.21480774441,493.906176
1010.07264847437,6241.76061797756,493.906176
1031.68976677443,6247.30528018995,493.906176
1053.30052450552,6252.85727881371,493.385597400512
1070.19864042923,6259.96872311591,253.127337730497
868.845834442155,6185.5562630427,211.674802238353
886.106922360409,6186.99708827104,491.44314544317
907.645458089297,6192.48258446338,493.906176
929.225877019332,6198.02987955581,493.906176
950.812904094341,6203.57508374297,493.906176
972.406731033633,6209.11837118808,493.906176
994.00755026736,6214.65991413878,493.906176
1015.61555495326,6220.19988293519,493.906176
1036.10129884658,6226.55890023492,436.643195393036
1053.18135649762,6236.79074699802,137.961444774771
896.475622762032,6167.70685579348,250.126128227478
913.193647411962,6170.94075591714,493.906176
934.771496103898,6176.48313695037,493.906176
956.356090049666,6182.02317129392,493.906176
977.887592828692,6187.59766972519,491.556217458032
995.676608579167,6196.73713093737,246.25815757267
1018.91968798043,6207.75500196693,76.9565645832045
1032.70002787699,6211.56873667993,20.9540175238571
903.172830502282,6145.10368818936,221.52417311315
918.736287215525,6149.39096777462,493.906176
940.311421949944,6154.92833703643,493.906176
961.893438036211,6160.46310345119,493.906176
978.575419109239,6165.81256948757,272.463833888195
906.328278347773,6121.97738690286,329.765078189721
921.530669972687,6128.63056105561,360.117892617398
944.912332466559,6139.68615067765,209.713417928292
964.01011322614,6145.81310231986,149.154492326995
979.318733752237,6151.80201454782,25.0488673098643
875.949258999086,6083.70425092845,25.4066958613319
888.290186061528,6092.05683204624,252.843786693725
905.609895248622,6104.04873253375,290.994357269631
923.250225919047,6112.1528108872,87.4285305460618
876.401501587419,6068.35136920989,236.273789009949
887.435593877957,6074.88655865491,256.700338668943
878.822774744591,6056.77644110385,48.5483434950507
886.428050957558,6057.81503137798,15.130205679301
496.739117724134,6444.02874881969,97.9570293180809
511.689437061722,6446.12977525543,16.109372576978
491.127712651062,6419.73728458715,5.57484971531391
500.619818147325,6430.62095783037,477.39075909587
521.640202366811,6436.01985909002,480.379431145256
543.412794348912,6439.36847623718,378.169824986656
565.383640855977,6442.37072184427,259.85084625108
586.914527944056,6445.31167730629,141.531867515505
604.743157409813,6447.74610872625,28.6733741037195
493.887436994676,6404.00250525081,71.6214130736046
505.857766002367,6409.31712926478,493.906176
527.412092210624,6414.92445159602,493.906176
548.96817103271,6420.53027689633,493.906176
570.526185500018,6426.134814593,493.906176
592.086319213664,6431.73827205024,493.906176
613.582572731728,6437.20190229743,488.445690676208
635.205579833459,6440.80424602251,398.800086044352
657.214738373918,6443.8065922875,280.481107308776
672.009628913582,6445.97558617177,55.308393378139
497.529706803735,6383.22876936634,154.183393336023
511.497174638317,6387.88610310532,493.906176
533.048839017344,6393.49354046637,493.906176
554.602412223667,6399.09923661137,493.906176
576.158077285719,6404.70340075766,493.906176
597.716017783818,6410.30624006295,493.906176
619.276417873477,6415.9079596388,493.906176
640.839462308075,6421.50876256446,493.906176
662.405336460875,6427.10884990106,493.906176
674.521004215688,6432.29019014282,76.6089803328056
501.308676917359,6361.66615867729,236.745373598444
517.134873568942,6366.45180946188,493.906176
538.683723364016,6372.05927672349,493.906176
560.234636534873,6377.66475826162,493.906176
581.787796110251,6383.26846304858,493.906176
603.343385654473,6388.87059800035,493.906176
624.901589290407,6394.47136798928,493.906176
646.462591721837,6400.07097585715,493.906176
667.559988148162,6405.88993096584,474.274615281852
677.339390273294,6416.19904921034,7.81457054014444
505.117341929118,6339.92382376518,319.307353860867
522.740187928178,6345.03095843986,492.754894037971
544.330404039707,6351.37643918266,460.250250755527
565.864703457473,6356.22659317397,493.906176
587.415203666985,6361.82975185696,493.906176
608.968286775003,6367.43109534026,493.906176
630.524136877742,6373.0308282233,493.906176
650.275578837793,6380.10004508393,391.870408392871
666.094914052576,6390.08386413362,84.2140974951487
509.137812467332,6318.43938045748,390.031271826845
528.349181799974,6323.50201375978,490.391050095107
550.948785819263,6327.81653240438,414.754614632617
571.49247509839,6334.78449516041,493.906176
593.040164209844,6340.38702011678,493.906176
614.26324445893,6346.1959427208,479.773769764811
632.356584158603,6355.74955606447,233.495483011634
645.895465962509,6364.4981153801,7.33736626346183
517.363457136709,6300.90471372069,192.701681878118
534.036278118274,6302.12686799602,493.906176
555.575788321627,6307.73390472113,493.906176
577.117816086661,6313.33822045435,493.906176
596.820580951331,6320.45044455495,389.306958589667
612.580472374416,6330.42663960193,81.9155976021299
525.805381720434,6287.09620841492,4.04972056426668
541.166782952225,6282.72374057908,381.656616827877
560.854191953004,6286.50602731738,478.809768133564
578.903542979411,6296.10105815429,230.264784077549
592.399575990175,6304.83296423509,6.67011713257551
551.491642785297,6267.64637585724,59.7147136117201
559.115273699324,6270.74528215967,79.6489002992878
851.70305333447,6606.22611271937,97.0993930707035
867.112373076848,6610.65691970285,187.075597469644
888.641334006142,6614.53373886762,110.652517769703
907.073344705249,6617.85436446833,31.7233634888135
819.548891004773,6571.62126537299,2.47111803555715
832.728972830443,6580.66609219264,221.788787430899
850.422810166278,6590.20861931562,482.007503711629
871.748696856735,6596.00707213336,493.906176
893.360695253429,6601.63414824312,493.906176
910.778612374731,6606.57486975112,305.4619183712
800.372582597427,6545.81223456321,43.4729664459052
814.963645672471,6555.73446521055,353.925290004618
834.169324361284,6563.31855454099,493.906176
855.7734356196,6568.9368163013,493.906176
877.381837532593,6574.55742995411,493.906176
898.994725761228,6580.18057436252,493.906176
918.129169256612,6583.46996697266,325.189421739723
942.827950395342,6582.51604103806,94.7990909295384
781.197996633682,6520.00862611819,134.904217519415
797.56037569097,6530.00359368323,447.531062203546
818.197017522201,6536.25962871911,493.906176
839.797253517004,6541.87242728708,493.906176
861.401744250472,6547.48715254262,493.906176
883.010684102888,6553.10398499352,493.906176
904.624268339526,6558.72310334635,493.906176
926.242693121511,6564.34468452499,493.906176
946.498864514116,6569.91117329638,433.913556291657
748.998970049983,6485.27438440109,10.4517773880806
762.537119539744,6494.56006488146,266.313093868005
780.714059319351,6503.54975937171,490.707431739313
802.224836281088,6509.20507911224,493.906176
823.820888349027,6514.81299490086,493.906176
845.421159213515,6520.42240968187,493.906176
867.025842060929,6526.03350561217,493.906176
888.635130929701,6531.64646301824,493.906176
910.249220722613,6537.2614604138,493.906176
931.868307218226,6542.87867451739,493.906176
952.520279903565,6547.55587544888,434.705732142886
976.221014001413,6547.41777305852,191.139104327051
992.268606784967,6550.5260377342,60.2302284950595
732.100481517979,6463.58424579684,13.5623619619641
745.130577451811,6469.7278131149,383.065068340012
764.665920029205,6476.55125761042,493.906176
786.253494169343,6482.15399123318,493.906176
807.845059754389,6487.75760809339,493.906176
829.440808054513,6493.36229387164,493.906176
851.040931144495,6498.96823237489,493.906176
872.64562191813,6504.57560555317,493.906176
894.25507410181,6510.18459351634,493.906176
915.869482267293,6515.79537455079,493.906176
937.489041843679,6521.40812513599,493.906176
959.113949128568,6527.02301996106,493.906176
980.74440129846,6532.64023194103,493.906176
994.930996865,6537.16229941748,160.617579697142
751.959340794221,6458.18297945599,91.2107982333705
771.317652853494,6457.32207823773,386.084927938107
791.870469701036,6460.70535538002,493.906176
813.461398708813,6466.30589687555,493.906176
835.056665149776,6471.90726040037,493.906176
856.65646085102,6477.50962952849,493.906176
878.26097844041,6483.11318596885,493.906176
899.870411360557,6488.71810958107,493.906176
921.484953882028,6494.3245783913,493.906176
943.104801115818,6499.93276860786,493.906176
964.730149025087,6505.54285463685,493.906176
986.361194436173,6511.15500909765,493.906176
1007.32978900065,6513.1424449583,313.767121097709
1030.80399991369,6516.33470677689,219.667141966317
1052.61451748076,6520.89270711297,172.045654247401
1074.34764293934,6525.4352038656,124.424166528486
1095.84732048289,6529.9296413662,76.8026788095693
1115.93738774329,6534.1301295183,29.1811910906546
1130.71979675793,6537.22135963558,0.30282236910902
782.366697266284,6443.41504869729,35.2784253663288
798.620603039161,6441.37200466209,388.397196875146
819.073740624218,6444.84968418962,493.906176
840.668350007253,6450.44763261424,493.906176
862.267641644493,6456.04633871006,493.906176
883.871807923135,6461.64598391229,493.906176
905.481042028769,6467.24674779831,493.906176
927.095537959011,6472.84880810265,493.906176
948.715490536453,6478.45234073184,493.906176
970.341095420927,6484.05751977912,493.906176
991.972549121107,6489.66451753921,493.906176
1013.61004900545,6495.27350452267,493.906176
1035.25379331249,6500.8846494704,493.906176
1056.90398116057,6506.49811936764,493.906176
1078.56081255688,6512.11407945797,493.906176
1100.22448840598,6517.73269325686,493.906176000001
1121.89521051783,6523.35412256516,493.906176
1143.50291771352,6528.53265852851,475.163057002631
1165.4305155883,6533.12268816601,427.844391652825
1182.13291495893,6536.94159493764,200.955181491295
809.17352042219,6428.43712928277,26.7683391464016
824.971850688773,6428.04044449389,282.060170277199
846.552758726155,6429.54546324812,470.059908282537
867.87436853271,6434.57810078782,493.906176
889.478008267588,6440.17373977997,493.906176
911.086866942558,6445.77024813789,493.906176
932.701138309015,6451.36780327462,493.906176
954.32101692925,6456.96658076564,493.906176
975.946698189207,6462.56675436291,493.906176
997.578378310636,6468.16849600872,493.906176
1019.21625436264,6473.77197584948,493.906176
1040.86052427265,6479.37736224934,493.906176
1062.51138683678,6484.9848218036,493.906176
1084.1690417297,6490.59451935191,493.906176
1105.83368951394,6496.20661799133,493.906176000001
1127.50553164871,6501.82127908904,493.906176
1149.1847704982,6507.43866229476,493.906176
1170.87160933948,6513.05892555301,493.906176
1186.66829538529,6516.9511035378,202.538471089237
1210.36250949764,6512.0270145023,4.50146380656208
856.307070440395,6417.17646780291,56.6964137231455
874.627378540074,6415.04688372949,395.882651549964
895.079478912692,6418.69619720861,493.906176
916.687788385884,6424.28835384839,493.906176
938.30166009889,6429.88130681225,493.906176
959.921288380263,6435.47523131676,493.906176
981.546868369897,6441.07030074538,493.906176
1003.17859603169,6446.66668666156,493.906176
1024.81666816565,6452.26455882184,493.906176
1046.4612824195,6457.86408518882,493.906176
1068.11263729968,6463.46543194385,493.906176
1089.77093218195,6469.06876349971,493.906176
1111.43564921439,6474.67471441049,493.877855553578
1133.10914386208,6480.2820298959,493.906176
1154.78946384615,6485.89228482892,493.906176
1176.47753022264,6491.50516477171,493.906176
1198.17354685582,6497.1208254748,493.906176
1219.85352574547,6502.67893268499,491.555226282733
1241.62594594214,6507.80047948357,469.339428949078
1259.06950652555,6512.16135274714,266.447976761011
884.772887455879,6401.93226445472,34.4728629337683
900.457836086531,6402.99503667213,233.593214870944
922.957421731739,6404.28534337667,425.417492140817
943.897009791578,6408.38906483226,493.906176
965.516214180873,6413.97803823703,493.906176
987.141518115776,6419.56790455869,493.906176
1008.77311732979,6425.15883495657,493.906176
1030.41120838244,6430.75099877284,493.906176
1052.0559886714,6436.34456354477,493.906176
1073.70765644419,6441.93969501687,493.906176
1092.67945741197,6449.48840900267,343.143403872489
1109.70262435093,6460.63453209567,52.8122634205154
1142.76972429657,6465.66502205745,131.870743464839
1160.49926171023,6464.51896692241,486.512224223559
1182.07630709264,6469.94452994068,493.906176
1203.77351191509,6475.5524433411,493.906176
1225.47901663777,6481.16303443819,493.906176
1247.19302667602,6486.77645504837,493.906176
1263.00778261786,6491.42990095388,229.872115731437
933.787234845387,6390.39236303068,53.493772486073
950.029483319695,6387.72061386123,454.85342228155
971.105704773034,6392.47475052058,493.906176
992.730560640589,6398.05931460627,493.906176
1014.36185822025,6403.64468955094,493.906176
1035.99979385801,6409.23104425886,493.906176
1057.6436972091,6414.81905394536,493.874466750102
1075.21336042905,6423.30225924547,258.98354714684
1088.62267279637,6433.43969260577,4.17442392345685
1168.83292088813,6448.79049336782,185.614551987107
1187.90162910246,6449.72883103651,435.0015356674
1209.36608983303,6453.97682821054,493.906176
1231.07274431525,6459.5793057364,493.906176
1252.78804783837,6465.18435409278,493.906176
1267.07550780234,6469.67228781777,162.279580919499
958.936050804268,6373.98909803889,87.8708135379513
975.876992227885,6375.81824897388,274.691432116028
997.695046016931,6380.42652317632,318.909583975839
1019.2921444617,6385.02095051773,361.940786461953
1040.24636272324,6391.13413743066,330.094387388185
1058.4300798363,6398.46932483,171.33615165027
1179.64879804011,6414.34047122055,53.6622165300363
1196.14498438334,6420.06938640955,103.25273235577
1215.31229264658,6432.43913938793,477.156964521206
1236.65884682544,6437.98798796398,493.906176
1258.37526263135,6443.58455429751,493.906176
1271.03160884467,6448.40899616114,93.2473267313089
1181.90341407447,6408.28555466615,77.4873232912643
1199.73993934024,6407.48923385961,386.063500440557
1220.5288537282,6410.80291299472,493.906176
1241.76619236313,6416.64992876108,473.965109452009
1258.4211975546,6427.32883209249,144.244151634563
1272.43587750934,6435.47613206236,0.329712948430881
1187.08440133756,6374.45259398747,221.670074925524
1205.79170594237,6382.21579252384,407.147575742317
1225.12298174894,6389.68792086598,450.651311883984
1239.6904344399,6401.21752827126,51.855747145252
1177.13721081945,6344.32942978733,25.0056965125878
1189.2751164492,6356.20624480179,450.834868517139
1208.45964702961,6364.88142917527,341.824010621855
1224.22853953844,6371.54246271304,121.149633433642
1158.99305461494,6318.93970148684,80.2631494478254
1172.73048302788,6329.00387527438,413.366881167014
1191.74644379783,6338.40679279491,309.502891125684
1204.08223631231,6345.06790322039,20.8963349472077
1078.30347833953,6277.97897782724,88.0471707936845
1091.8649456207,6283.12668428612,381.873678284561
1113.10753390218,6288.61500647109,383.876380175294
1135.27011300778,6293.56874852561,352.630355586756
1154.06019193703,6303.18682038969,327.032178404108
1167.14610761624,6314.72248279593,21.0185972342197
1066.39004924008,6244.96352515413,0.520578599488258
1079.93800115106,6256.73357177704,240.778838269503
1094.93321442686,6264.55323240857,417.354527582689
1117.2902025594,6274.6330878508,261.246566863258
1139.11914188721,6279.06150287963,311.244415698222
1150.67559488676,6282.6130707394,25.7085226370111
1045.84438962891,6219.48079127961,57.2629806069655
1059.47153091553,6229.92423148229,280.631775996479
1078.18672214413,6243.56281693293,177.205492831139
1095.85891841759,6248.939335536,90.5135504340136
990.503676732772,6179.8950004981,2.34995854196775
1003.39399715571,6189.47641904136,247.648018427332
1021.56421041603,6196.94672356414,416.949611416796
1039.84196919041,6205.5452882806,295.235616167037
1053.68675427873,6216.55497531753,20.3144021699038
988.31921714611,6166.49933356855,152.659764213915
1002.54623321527,6179.19121726287,94.989455309761
1024.58742861939,6184.73656321732,136.03487548029
1036.25003659713,6189.73268586185,6.84043600044227
956.548040252413,6136.16207535534,0.0193995744218379
969.604989050682,6141.28918430561,126.259777564836
988.507188180477,6148.01900760937,285.661567253291
999.430760470055,6153.72183682786,25.5657331917148
544.76714931077,6706.44332653487,17.999809289551
549.4056415464,6694.95937790291,339.037186455341
567.410442806063,6698.49484794275,429.911555355927
589.480656207346,6701.60479265909,315.642448725548
611.325145033307,6704.71411620099,202.542113557558
632.203217323894,6707.66738124479,88.4700174259343
647.951000677587,6709.91123640184,4.68293891315717
555.335149409009,6679.83234723309,138.048606278941
573.460018065088,6678.94351798638,476.052181729358
594.770451558437,6684.15301751461,493.906176
616.346548649323,6689.766247989,493.906176
637.923854800028,6695.38205872736,493.906176
659.334593422136,6700.41784075122,469.472079148615
681.27378335945,6703.92888034431,373.236398225171
703.248149645494,6707.3371076368,272.336260124392
725.006976949211,6710.7144000846,171.436122023616
743.214878688544,6713.56125834517,55.3371413481185
582.458879718454,6658.49041607697,321.747815816735
600.416186788872,6662.74266693395,493.906176
621.992705863231,6668.35519671653,493.906176
643.57061170586,6673.97006979784,493.906176
665.150094109891,6679.58748112931,493.906176
685.825110301222,6685.70711125755,451.833503727312
707.318663696536,6695.32874267433,287.981322366313
727.914004394008,6701.48383985913,252.06134867832
743.503135822652,6707.43256149828,82.8710358708992
587.973760877238,6636.20762519692,337.56567313601
606.060708285455,6641.33143590144,493.906176
627.637452959494,6646.9431901345,493.906176
649.215759740876,6652.55704971075,493.906176
670.795818100329,6658.17320984594,493.906176
685.166361437023,6662.88560921235,171.114493625759
591.853264304199,6614.4995986027,417.19478086963
611.703854776076,6619.9190351717,493.906176
633.280631995267,6625.52993739456,493.906176
654.859144378311,6631.14270605989,493.906176
676.439581096527,6636.75753658968,493.906176
696.061145920529,6637.75873297775,227.61777082197
719.462315070165,6638.41160660058,70.6394883835874
734.723994338965,6640.81886931901,2.37686501201063
586.129733197881,6583.15638837601,11.911588217514
596.023130302506,6592.79290841717,483.81827728267
617.345468524193,6598.50517926247,493.906176
638.922088474849,6604.11515150276,493.906176
660.500614446055,6609.72675038317,493.906176
682.081235331742,6615.34017147678,493.906176
703.664140933942,6620.95560842495,493.906176
725.249521981099,6626.57325296195,493.906176
746.653725418625,6631.47344115562,463.377649606116
767.394494562182,6632.41049646563,211.88590050247
790.655955319815,6638.72903325622,281.176711333249
802.67483155346,6641.93775487508,12.6261239880619
588.097319320054,6575.35316499791,12.7466211374519
602.098001912637,6572.49956813804,444.13217463368
622.985395194456,6577.08958635083,493.906176
644.561671217467,6582.69854921131,493.906176
666.140021996761,6588.3088980501,493.906176
687.720636169956,6593.92082853897,493.906176
709.30370324952,6599.53453441368,493.906176
730.889413641098,6605.15020749729,493.906176
752.477958660606,6610.76803772355,493.906176
774.069530550051,6616.38821316064,493.906176
794.910598632229,6622.13275344558,461.941606728013
803.952768087722,6634.83983823308,0.414672337900877
611.763628855931,6559.29953050028,63.1850066020131
629.077037839601,6556.21310066635,466.117054465692
650.199232230328,6561.27985091367,493.906176
671.777222183174,6566.88886815275,493.906176
693.357641983683,6572.49922561023,493.906176
714.940680877239,6578.11111706671,493.906176
736.526528971526,6583.72473438472,493.906176
758.1153772537,6589.34026753082,493.906176
779.707417606434,6594.95790459787,493.906176
801.083124997831,6600.22821479789,478.614559710736
823.240277083943,6602.77008480148,339.747713018786
841.485895656242,6606.59005833295,152.996064767209
636.710341182867,6534.9341246725,380.969340399765
655.834626586739,6539.85878054244,493.906176
677.412073138477,6545.46638339973,493.906176
698.992114036703,6551.07508421702,493.906176
720.574938281179,6556.68507677258,493.906176
742.160735705288,6562.2965529216,493.906176
763.749696993323,6567.90970261701,493.906176
785.342013696705,6573.52471393045,493.906176
806.874465837808,6579.17958492537,491.435057964443
825.121154027219,6588.09842157303,272.117388569101
838.726207117682,6597.43677507589,11.8986722883704
641.425753382064,6513.06637379029,425.286727189003
661.467712309049,6518.43506547031,493.906176
683.044435861408,6524.04117001338,493.906176
704.623916371531,6529.64812947172,493.906176
726.206342614013,6535.25613757639,493.906176
747.79190417049,6540.86538613069,493.906176
769.38079144703,6546.47606502981,493.906176
790.0660222369,6552.6940390507,450.433209554096
806.51543173844,6562.67792230669,139.980885995381
647.818457290778,6494.92630531062,292.375465657715
667.118699846224,6497.04689054329,492.444092248081
688.674174105935,6502.61295762986,493.906176
710.252915701361,6508.21808996926,493.906176
731.834763611404,6513.82402707298,493.906176
753.419907187409,6519.43096065006,493.906176
772.682646014485,6526.92925307067,359.001958480585
787.341050796881,6536.87219903457,46.375113796454
675.089683233468,6485.69217723947,53.2033613475642
695.099403100945,6486.31934191193,254.020188470809
715.931215827826,6486.87253132895,490.439409551696
737.210611250819,6492.54225916867,483.45439861192
754.957817722524,6502.00969203636,227.593082131995
768.168666264608,6511.07137375017,3.19874426068664
724.079845064925,6471.62152976938,176.630435933383
735.973763376908,6476.34028077683,103.4372389108
297.600350963959,6711.43153889563,9.33179144211578
301.991836547443,6711.92524574608,9.0274702487998
300.269750927716,6698.06916764809,111.114465869304
313.034636806919,6701.8803455922,463.004956876791
334.981493695081,6704.45269043437,325.366685277959
356.708171806534,6706.78843008347,178.700943430328
374.817606894247,6708.73672893693,37.8494342437224
304.825939945354,6677.80190003191,147.828905223796
318.927668168993,6681.18604915706,493.906176
340.50787120386,6686.77734547349,493.906176
362.086524667982,6692.36944678741,493.906176
383.374569489021,6697.46966648441,472.359100508902
406.564500740721,6701.45704455211,257.509338195163
427.130828407298,6703.36158131471,232.609893887434
447.533727159327,6705.56322953278,85.9441520397684
462.569347743326,6707.18684382755,0.54220027588439
309.986055162379,6663.83752240114,29.9846406040699
325.210282991571,6660.61498820469,451.389057646457
346.157194074576,6665.35763980839,493.906176
367.734827321192,6670.95185969805,493.906176
389.311276491883,6676.54686396839,493.906176
410.454668635409,6680.7477251965,426.565919129061
433.321956008026,6687.45680834556,441.990445956123
454.035322166822,6693.33874054733,493.906176
465.224521479554,6699.76857769184,45.0354619154472
335.437050833029,6641.15968286528,227.212064854
351.807906115374,6643.93865447104,493.906176
373.384342278359,6649.53493130899,493.906176
394.959778264315,6655.13175283671,493.906176
416.534394031032,6660.72933631769,493.906176
438.108370337269,6666.32789678006,493.906176
458.719536359343,6672.04339798691,452.586260733503
467.724314208738,6685.26243162398,0.0273909765728414
343.433774714808,6619.64702507436,137.702913615941
357.459801644956,6622.52011150736,493.906176
379.03486634275,6628.1183814435,493.906176
400.609112125092,6633.71695602216,493.906176
422.182719064028,6639.31605283663,493.906176
443.755867992723,6644.91588725857,493.906176
462.453784234767,6650.22353391743,365.663609128525
349.584212070346,6600.74458810032,71.6592258892107
363.13040010004,6601.13103819355,492.777847594816
384.686200984171,6606.70193291422,493.906176
406.259082080399,6612.30219423858,493.906176
427.831503161513,6617.90273767762,493.906176
449.403645131141,6623.50377888558,493.906176
466.178823463715,6628.45459459361,278.713566546976
371.531328122883,6581.91673448003,332.642842751023
390.338152176429,6585.28531146067,493.906176
411.909496591739,6590.88719123329,493.906176
433.480557365423,6596.48911261155,493.906176
455.051515468114,6602.09129147426,493.906176
469.88295781626,6606.80789116783,191.763523965427
380.338489689976,6565.79827714321,80.78091096047
395.905365862535,6567.08989121009,349.277511976595
417.746844585449,6569.95975874607,473.656893893337
439.129696964098,6575.07490247847,493.906176
460.699296909015,6580.67814800883,493.906176
473.513767577709,6585.58880744352,104.813481383877
428.10355244451,6559.77946697761,14.7505178569219
444.658811745013,6561.69496991173,133.631135523925
466.033133133168,6564.1682177614,272.761035297592
476.527847795839,6567.97267801517,21.6291373550329
287.897617539744,6710.43395511261,79.1712044652989
283.587654590947,6683.80804639171,0.0880196710448265
290.217288909829,6696.49919570017,339.973445068816
285.996257184506,6669.14508591901,50.8477341535168
294.150458825617,6674.65279781443,346.0772707762
289.24613386799,6649.37082238816,144.425713697872
302.545990918038,6653.54585538958,463.92153539593
317.867725670464,6650.72891721589,42.5171183535404
292.779935619681,6627.88122658676,238.003693242226
308.651317207006,6632.74685448641,493.906176
325.794325518752,6635.94270041055,266.694111145999
296.358934125522,6606.1286151942,331.581672786577
314.30649880274,6611.32360394286,493.906176
332.964977600004,6615.86842464924,356.203262384059
299.954442855256,6584.28645464636,425.159652330933
319.962999215471,6589.90065182501,493.906176
340.172885665046,6594.61153162186,422.246950110788
355.373994701348,6588.3039350499,1.12832840518367
292.004367795255,6564.27719693198,0.478553139921188
303.916180259842,6568.41824570584,240.858765465183
325.77825111857,6570.68040011611,395.742649368991
347.21651404285,6574.12254819607,492.315895720753
363.063006002835,6575.07603681278,161.263333248975
355.153704589681,6562.69064400831,55.7345331245914
370.145299301278,6563.90430766948,125.353485591836
316.082694284636,6785.03013435253,37.2877390044721
326.124837768412,6786.11066942952,0.0872179477157295
320.267113952938,6772.59595740165,390.227934147974
339.248029683976,6776.45780833653,423.566215594211
361.317402470142,6778.73752486898,272.89157907696
382.480127773865,6780.92412301062,122.129724611941
398.342175242903,6782.56510923421,7.27676275783893
289.038564852718,6742.2175723964,79.5185848383293
301.992663204093,6742.01005527872,338.715822847494
323.939895921044,6750.90942179072,478.890209781158
345.150996087362,6756.62900819541,493.906176
366.729675371053,6762.21614735797,493.906176
388.30658579094,6767.80524046472,493.906176
409.647024223327,6772.64584196354,462.035534238161
431.613837203359,6775.39981561707,332.456234461796
453.434243465937,6777.97624924968,196.048332492372
472.88868556249,6780.27582073314,59.9092341686349
295.199621271423,6722.12659424729,52.979132116869
307.737172155903,6724.25906891771,484.878705751202
329.21424027126,6729.62004434325,493.906176
350.794393412177,6735.20773310009,493.906176
372.3727939274,6740.79692305049,493.906176
393.949621238037,6746.38782947667,493.906176
415.525055754172,6751.98066536026,493.906176
437.09927891622,6757.57564141498,493.906176
458.672473234612,6763.17296612048,493.906176
479.948306116303,6768.87186227442,481.870649190037
489.770924177514,6778.6050323218,8.81570220125484
316.939280470162,6713.52932289795,30.9012191232114
334.62605228627,6715.42852288886,168.539490722041
356.287481697377,6717.7562796647,315.205232569674
377.550837809544,6720.34153703126,424.025017460278
400.024009342923,6725.47785188772,465.781574983063
421.169483267019,6730.5661832719,493.906176
442.743817985376,6736.16244349956,493.906176
464.317316568851,6741.7608163338,493.906176
483.889837472138,6747.24989316778,405.373509609575
386.86315700555,6710.03036474302,0.562523197392583
406.399477256307,6712.13829108567,106.098550719413
426.533860094096,6714.30816383621,261.296282112566
448.56947269872,6716.68564516829,407.962023960233
469.970964343097,6720.36406912087,493.363975724115
487.623600572478,6725.45381204668,318.657158098099
476.650703300206,6698.85582575636,448.870714084552
496.019875022219,6702.56824729903,389.645384484581
519.230816450021,6703.18500463917,180.479151957946
535.756183016379,6705.30058436547,36.5317358246405
470.222690255673,6670.66003142125,41.3199152664967
481.255882251007,6677.52836884771,493.878785023427
502.828282842624,6683.13155735344,493.906176
524.401526146898,6688.73613223618,493.906176
538.453179296642,6692.98161810832,154.749679242252
473.526204007509,6651.35264068895,128.242566871475
486.90151916578,6656.11861944984,493.906176
508.474387189919,6661.72193707717,493.906176
530.047528826713,6667.32683208095,493.906176
550.180336238518,6670.25725367763,355.857569721056
566.138994239087,6667.84100826429,17.8539942706433
477.188496087259,6629.94868978541,215.192609453024
492.547819171586,6634.7082063196,493.906176
514.120216967621,6640.31201302037,493.906176
535.693067164237,6645.91715848934,493.906176
557.266554767811,6651.5238476964,493.906176
572.079215242606,6654.59422127925,172.158360183263
480.900030086988,6608.25633935231,302.142652034573
498.193851184246,6613.29727431483,493.906176
519.765594474294,6618.90149926468,493.906176
541.337966506588,6624.50682368989,493.906176
562.911152167072,6630.11345282435,493.906176
576.953332937762,6634.672289714,156.340502863989
384.615539089429,6557.04292118244,19.5816870773201
396.247585667287,6556.12078981358,143.701036044327
413.19383466987,6558.0544232557,20.2492821066628
484.627667290612,6586.46827114011,389.092694616123
503.839438611608,6591.88554277514,493.906176
525.410346003424,6597.49011336666,493.906176
546.982056122388,6603.09554348614,493.906176
568.554753743507,6608.70203857362,493.906176
580.749299245846,6613.2777258213,76.7113951303706
404.554598637216,6545.67983750392,291.654974079999
423.060306526704,6547.69444145583,479.155658143078
444.82324329488,6550.67943719145,360.275040476076
466.733714207722,6553.21519045269,221.14514070241
488.43681816719,6564.7261334849,472.277038644965
509.484408777816,6570.47273433069,493.906176
531.054301696791,6576.07757626963,493.906176
552.6251690565,6581.68303716391,493.906176
573.90230499008,6587.39145957882,481.994587782486
583.657530066526,6597.87138270355,10.087898717329
415.693554453838,6527.70687023181,36.2774260435085
428.861555662786,6526.6380164759,493.906176
450.427513835642,6532.24364129908,493.906176
471.993884781238,6537.84880026286,493.906176
493.560850282758,6543.45370745132,493.906176
515.128592781148,6549.05857482045,493.906176
536.697295403495,6554.66361221747,493.906176
558.267141990419,6560.26902740069,493.906176
579.619529799184,6565.62393813954,481.15955486255
595.281087933589,6562.40044311783,49.7740013663213
423.431209634882,6499.57663501842,38.1705492558269
434.511916765807,6505.21934442493,493.906176
456.075841593311,6510.82605465578,493.906176
477.640346653965,6516.43205714354,493.906176
499.205613760866,6522.03756599905,493.906176
520.77182535729,6527.64279321228,493.906176
542.339164544405,6533.24794867059,493.906176
563.907815108079,6538.85324017741,493.906176
585.477961544735,6544.45887347149,493.906176
606.358300059281,6548.71039072159,430.721169397988
621.016063999118,6546.59564571512,27.7891215343046
427.487245590882,6479.23206636845,97.4551367704701
440.16182628605,6483.79909310345,493.906176
461.723555442005,6489.40681161777,493.906176
483.286030241445,6495.01358015078,493.906176
504.849432527473,6500.61961279395,493.906176
526.413944747792,6506.22512152476,493.906176
547.9797499818,6511.83031622375,493.906176
569.547031966836,6517.4354046922,493.906176
591.115975123557,6523.04059267036,493.906176
612.686764580373,6528.64608385594,493.906176
625.992679399559,6531.95141072427,112.936835600234
431.048790680845,6457.47308363347,189.610406017048
445.8111163271,6462.37700310115,493.906176
467.370489757733,6467.98565134685,493.906176
488.930772263321,6473.59310703616,493.906176
510.492145717164,6479.19958419728,493.906176
532.054792573488,6484.80529475079,493.906176
553.61889589396,6490.41044852576,493.906176
575.184639373417,6496.01525327645,493.906176
596.752207364761,6501.6199146993,493.906176
618.321784903015,6507.22463645059,493.906176
630.397605941944,6511.36229754658,68.6194488109975
434.59929901112,6435.9704381708,283.118984937418
451.459622466659,6440.95281759769,493.906176
473.016482341166,6446.56231567273,493.906176
494.038840482373,6454.18454463748,395.94914668192
516.283443883033,6458.16991132114,477.796803423023
537.694213712669,6463.38305078285,493.906176
559.256449654532,6468.98808220129,493.906176
580.820487264589,6474.59252131273,493.906176
602.386510835694,6480.19657372689,493.906176
623.954705319109,6485.80044301544,493.906176
642.198437035029,6486.29473945727,201.530710342284
660.244615926168,6484.05668365143,1.46208375191814
439.708486179857,6415.71493291024,291.310537025457
457.107183635991,6419.52628230347,493.906176
478.519052131059,6425.1981843853,488.331326284686
488.566853144301,6434.33440789487,16.51541690413
526.512323475467,6448.15652953765,13.5267448547452
543.068186015834,6450.41959029032,115.736351013344
564.346652930329,6453.32724955986,234.055329748919
586.269587130156,6456.32193348572,352.374308484495
608.220627628597,6459.44973852683,465.232801896281
629.585383971662,6464.37323964795,493.906176
651.154542887419,6469.97594663211,493.906176
672.441092149357,6474.35766056751,440.702814652437
693.455802539937,6475.74079626012,239.885987529192
708.489658670122,6474.35908032021,3.4667664483043
447.760899120892,6397.78278809455,117.870679910139
462.753642003732,6398.09714540127,493.906176
482.679787709915,6403.658133674,422.284762926395
619.569228629173,6449.77001580832,5.46048532379115
635.247520273234,6451.90975708941,95.1060899556485
656.211493133669,6454.77011642049,213.425068691225
679.151531844906,6455.1756105738,438.597782621859
699.925245320199,6459.74647090588,493.906176
717.428327339615,6462.47965763541,250.280355032552
454.764986881711,6384.00738552056,0.438653491387367
469.620278981574,6377.40686870361,430.92547965572
486.505956553208,6381.84454186552,339.722782663977
685.709728440254,6432.7851774528,417.297195667194
702.845573912557,6440.55288082159,333.177354648963
716.953661836409,6450.42721128173,29.5494724182057
475.544718826493,6355.62833592303,424.746270889726
490.321349195236,6360.08340926314,257.160802401556
679.434077088139,6404.04701166516,6.32592554013586
685.444993095536,6415.3597119485,204.108809005299
698.172347425082,6424.54142925692,0.913005064863026
483.276273049756,6336.61377342432,284.64031658479
494.11202407815,6338.45355563993,174.598822139133
492.07267839623,6322.08738478736,32.2289570087719
497.390354876323,6320.35976960069,66.4235664323034
203.914758234857,6871.70261670957,66.6958744164171
168.03720972369,6839.63464792126,64.3268044985542
184.247237325874,6848.5987591542,310.192759379269
203.53406655019,6857.25544373275,486.730476801104
216.659077370065,6855.96747274105,37.7468756477518
131.737850417399,6806.92133802186,41.3361138768396
146.949588883392,6815.65079025165,288.217281624084
166.091501654268,6824.63701050737,482.938756836811
187.438206613357,6830.36539628643,493.906176
209.035852099185,6835.92725688794,493.906176
223.118072015717,6838.40814813371,133.27676867651
94.8593521955787,6774.08647796232,28.5387852074952
109.693530074225,6782.48088488332,257.628588511099
128.773887628548,6791.84957604078,469.48317814312
149.863363617999,6797.78612885288,493.906176
171.46823173359,6803.34919349095,493.906176
193.069118813271,6808.91339767007,493.906176
214.666195830953,6814.47897038396,493.906176
230.91792482506,6817.38170374314,226.113001626089
94.2700969447056,6769.48933553398,55.0943348607991
112.219273937027,6770.88483074944,237.06425453215
134.234139750063,6772.57018123711,413.558571422993
155.500553953496,6776.32930331107,493.906176
177.104261330748,6781.89652634001,493.906176
198.704193446966,6787.46464620524,493.906176
220.300521911816,6793.03389268657,493.906176
240.449011623791,6797.36219974085,410.910454947188
255.563713361708,6791.19048699753,0.410860088927507
147.215353208839,6762.61313851972,0.189534870358169
162.321431325318,6763.76990953607,96.5257820545478
182.7023877742,6765.3323566916,273.209633815744
204.68782730406,6767.15701780219,444.332476190226
225.938570409224,6771.591733926,493.906176
247.530744725854,6777.16572522037,493.906176
261.83122181143,6777.64918703965,100.503044859267
216.324645088153,6756.97651700826,5.56100938671637
232.024992582821,6758.18539946448,132.671161338144
253.192887242046,6759.81721457066,309.355013099341
270.172671122251,6759.92906606138,237.254798064972
280.984107869097,6751.00359505251,2.30016062972736
235.265293347086,6901.06845132302,28.0544274589307
209.143051998751,6875.65369441818,16.0668162809076
221.553583305387,6881.99307913797,347.642829882614
240.927404208376,6889.85876194652,490.312535545132
262.423425969364,6893.01230635819,382.15321072254
284.362190964016,6895.11426353407,225.001245631627
303.887100361376,6896.98845682906,68.215366118556
211.40992071401,6869.80083196401,1.23751965523434
225.694214634112,6863.51614273204,456.15930035225
246.593803147135,6868.50172499494,493.906176
268.180161811086,6874.06673231137,493.906176
289.762975894253,6879.63447384937,493.906176
311.33683834449,6885.19535491946,493.540090422159
332.700063758048,6888.77102008512,404.603491449804
354.707076376956,6890.89383940016,247.45152635889
368.453896496706,6892.44911336712,19.6935858037319
233.405563201621,6842.63029536857,360.629407323489
252.219769031588,6847.05670874436,493.906176
273.806386081694,6852.62474285925,493.906176
295.389674452315,6858.19527330839,493.906176
316.969809830617,6863.76851503227,493.906176
338.546969165882,6869.34468044566,493.906176
359.865223271522,6875.0234206719,483.653661894659
369.769426817797,6884.862005294,12.4816248607225
240.769775906915,6822.2958995969,267.79317437391
257.849608111579,6825.61512410963,493.906176
279.436290044353,6831.18614991797,493.906176
301.01985537582,6836.75943391959,493.906176
322.600480164706,6842.33519211326,493.906176
344.178341662549,6847.91363800424,493.906176
363.752900522198,6853.40400131084,405.417825857435
249.044492853535,6804.7549867163,82.9957210528135
263.489651939886,6804.18748302859,493.495315911074
285.069614482245,6809.75065045032,493.906176
306.653262167938,6815.32664916543,493.906176
328.234178057804,6820.90488463921,493.906176
349.812539684212,6826.48557137208,493.906176
367.386655488457,6831.58279669643,314.700364959488
270.981855339681,6784.04186983202,393.403131140731
290.706106695208,6788.31794466792,493.906176
311.979923395382,6794.6206843491,456.618436995528
333.872024389335,6799.47964699105,493.818958052282
355.449319016318,6805.06017082363,493.906176
371.00674129065,6809.85939086813,223.982904061539
279.984543721198,6763.98938915648,230.45708458078
296.345520272996,6766.88773597825,493.906176
309.127351675939,6771.99158815058,103.678241852026
341.085401303871,6787.65245627377,70.3399604057889
360.805866730651,6789.68686552208,221.014596923042
374.090416779891,6791.61960484413,95.3708610254746
285.991422212136,6751.482078393,15.3266932811056
301.976805357716,6752.98898397797,155.190353152507
311.785188839941,6755.32374133181,15.0159662188416
552.284530030704,6253.52409606289,99.2857699240799
563.172419639342,6255.60069476068,72.8492017129609
659.428820019407,6280.64760653293,91.2209547224803
674.929376102456,6285.51765614819,164.833274170278
688.580308146147,6285.93932328082,2.94312617617488
534.386948217711,6229.08363316861,209.455497868349
551.150152280326,6237.61937562774,484.158109035951
571.898142999184,6243.51035624337,463.243551935813
594.18748030734,6246.63771347769,356.975555922434
615.901344945122,6249.43370408175,262.566165131033
639.582665947368,6256.90861340139,304.828762818569
658.668458391749,6265.71384990488,490.912130772735
680.138499225683,6271.350854157,493.906176
698.708359048582,6272.94070620327,259.041543901082
715.491204566268,6269.30461354407,0.325032072482586
541.079073596354,6218.98364567904,64.1546389903186
556.338945101942,6218.71525021886,381.717977067299
575.969576698762,6220.68217111198,326.143890511028
605.483515134905,6236.68185261913,29.0385230216715
621.645667649433,6236.90588543834,318.055148856309
642.379701493746,6239.87707626918,438.415840619127
664.197129199732,6244.29092594633,493.906176
685.739519470822,6249.87966392518,493.906176
707.285932918737,6255.46570886831,493.906176
728.898325462623,6259.86170442792,441.104760254078
750.643643679596,6265.29936669676,433.612259532727
769.882883071291,6268.86859437389,295.973819823904
587.206973724046,6212.63353371216,2.40683963005304
656.826601796988,6227.3900391869,2.12809040900943
670.386937425934,6223.35142550007,459.632473148637
691.336899476586,6228.40274360003,493.906176
712.880205660084,6233.98662120618,493.906176
734.42786362483,6239.56775282458,493.906176
755.980059509377,6245.14633230017,493.906176
773.953122449882,6249.73392484209,322.661176211491
639.400499815112,6190.51780855486,139.554513778984
654.38823718625,6195.07292735974,457.40663326529
675.394776798582,6201.33505281524,493.906176
696.930524601395,6206.91986062817,493.906176
718.470580377772,6212.50147754135,493.906176
740.015129704368,6218.08009890302,493.906176
761.56435870343,6223.65591806855,493.906176
783.087343021916,6229.17541266976,491.83628273551
803.101663124449,6231.58576650259,316.44101039834
644.966724168046,6177.30149931776,43.0151673606216
660.227442289582,6175.58295887439,430.613692079635
680.988066397818,6179.84808195072,493.906176
702.520281960195,6185.43078462584,493.906176
724.056946069959,6191.0100470622,493.906176
745.59824429969,6196.5860640965,493.906176
767.144362761962,6202.1590285725,493.906176
788.695488128428,6207.72913134913,493.906176
809.777581357233,6212.83689721226,467.067822555401
825.865264009189,6208.73330487475,35.2912159799228
670.157479305736,6161.31142721181,74.6401549371653
686.96953517309,6159.04844192758,462.841638793193
708.106060358681,6163.93528731861,493.906176
729.639193373281,6169.51210110204,493.906176
751.177099910596,6175.08541936603,493.906176
772.719966079655,6180.65543442169,493.906176
794.267978543766,6186.22233659485,493.906176
815.821324539276,6191.78631423391,493.906176
837.215269213938,6196.94967406518,477.572125605212
851.883213450057,6197.32744679013,95.509999851151
696.62346722187,6143.66164803897,128.188612789649
713.949794490179,6142.83601443881,476.104719413661
735.217214500658,6148.00741307869,493.906176
756.751590560634,6153.57793779028,493.906176
778.291064520891,6159.14490837581,493.906176
799.835823042849,6164.70851460801,493.906176
821.386053356946,6170.26894428132,493.906176
842.941943281149,6175.82638321956,493.906176
861.247323532416,6178.24955180096,282.231373761648
878.995608201504,6174.14992500196,2.46303055683035
723.366201365083,6124.2553586488,250.950666130744
740.790903181304,6126.49575843575,493.906176
762.321611738392,6132.06339450528,493.906176
783.857555362417,6137.62722528273,493.906176
805.398920718835,6143.18743996847,493.906176
826.945895038878,6148.74422578401,493.906176
848.498666138048,6154.2977679791,493.906176
870.057422434398,6159.84824983909,493.906176
886.643167015635,6163.0246189434,243.78004777252
731.854820013774,6110.67117724575,13.2777430146299
747.529788018451,6107.84864956009,353.219471958787
767.887060340887,6110.5415666456,493.906176
789.41933723803,6116.10216201814,493.906176
810.957171969205,6121.65888931259,493.906176
832.500751772594,6127.2119351592,493.906176
854.050264468116,6132.76148421553,493.906176
875.605898475711,6138.30771917342,493.906176
892.284424196607,6142.83169282502,272.38200288685
759.565762690006,6096.66307881242,0.441178115785062
774.968457230524,6096.13519709181,162.629564260312
795.388666099832,6096.66681855163,399.966638456894
816.510478443777,6100.12264127317,493.906176
838.050526945296,6105.67185084693,493.906176
859.596643420445,6111.21731019634,493.906176
881.149016298044,6116.75920140244,493.906176
895.434505291336,6122.94068843968,164.141097810279
808.526913954984,6085.52678263826,1.15041349495664
818.628017867795,6086.59485224951,105.586259039728
843.784613374566,6091.47470417981,163.804873952657
865.35910128246,6091.16162768254,411.752301470765
882.733631675324,6100.21635729124,201.569106627938
895.288912023666,6108.35646914009,1.12796062221843
855.561246807495,6059.85007948397,164.478645344995
865.729453024268,6067.51761479442,245.350436483303
861.008678129155,6053.80399871632,2.52247543612832
867.751377414233,6054.93809460619,14.8033988864028
77.5301957573485,6752.5448847541,101.179286414986
90.9894673094244,6757.65833921561,403.089249248371
112.338509704215,6759.94645366136,256.84192146785
132.136944735517,6761.45955761866,80.3476045770073
82.2953881775821,6736.2082987262,118.278200199387
96.3117153572584,6738.16308471392,493.906176
117.92583559963,6743.73387057802,493.906176
139.532922596711,6749.29949417912,493.716641129641
160.855595525957,6752.71501658936,397.380393945454
182.796601399684,6754.39894693856,220.696542184258
201.254320849559,6755.81727610578,49.5736998097725
89.4576068211019,6709.54059344723,84.9022394202787
101.962830424659,6716.69839455014,493.906176
123.574855808749,6722.27398270268,493.906176
145.182993106223,6727.84927381701,493.906176
166.787413184632,6733.4245068028,493.906176
188.38828748646,6738.99991795381,493.906176
209.913608546643,6744.43452322613,488.345166613283
231.41679550949,6747.20185548129,361.235014661855
253.135511165673,6748.87760942914,184.551162900658
270.339131950515,6750.20660249644,26.1942933542461
67.9941416276928,6682.16404951415,258.94553125532
87.1593684198754,6688.94333235512,437.732564786136
107.61816232716,6695.23634031417,493.906176
129.227934613646,6700.81668209241,493.906176
150.83401302445,6706.39648304395,493.906176
172.436569069472,6711.97598253775,493.906176
194.035774796453,6717.55541736254,493.906176
215.631802846233,6723.13502174551,493.906176
237.224826507274,6728.71502737254,493.906176
258.815019769322,6734.29566341026,493.906176
278.452428439955,6738.89530337105,396.760737250844
74.445540836823,6665.03159006139,267.244271545953
91.6664219264755,6668.19058647701,493.906176
113.277458657742,6673.77665710707,493.906176
134.884821155095,6679.36170108503,493.906176
156.488681081745,6684.94596074023,493.906176
178.08921055022,6690.52967583926,493.906176
199.686582176012,6696.1130836021,493.906176
221.280969130564,6701.69641871972,493.906176
242.872545193591,6707.27991337341,493.906176
264.461484804567,6712.86379725553,493.906176
283.950800551547,6719.88161785488,352.424047975716
82.9980066038248,6646.57689742036,93.577702826062
97.3321888944426,6646.72811959801,493.906176
118.940472791635,6652.31908189235,493.906176
140.545270359782,6657.9087740036,493.906176
162.146753857926,6663.4974385674,493.906176
183.745095963823,6669.08531568893,493.906176
205.340469825421,6674.67264295832,493.906176
226.933049111739,6680.25965546734,493.906176
248.523008063084,6685.84658582766,493.906176
270.108119273088,6691.4350235709,493.818156328956
281.184280434279,6698.4459997761,42.8182650618801
91.5998908745995,6622.55622896355,6.07490266362524
100.1834906088,6629.80964215411,248.707408990388
126.607138820121,6633.90750676982,231.701135964423
147.378624397165,6637.71506438694,399.747636062737
167.807993533783,6642.0506502811,493.906176
189.403989241685,6647.64263328441,493.906176
210.997203528776,6653.23382405692,493.906176
232.5878105306,6658.82445803084,493.906176
254.175984919296,6664.41476818614,493.906176
274.587318180478,6670.10370040696,443.058441846483
76.5608808920211,6587.12777219418,20.1222109656496
83.2685919674973,6587.39956864861,33.4540375406397
135.313106757105,6610.13201790521,266.581129824616
151.875904306496,6615.00802876798,493.906176
173.472167712567,6620.60533171357,493.906176
195.065659729302,6626.20136201719,493.906176
216.65655447189,6631.79635783629,493.906176
238.245026513215,6637.39055488581,493.906176
259.83125093024,6642.98418645461,493.906176
278.17920431024,6648.24965896966,349.480462302128
79.7439946141204,6577.60167491553,34.0329532734625
92.361390327446,6576.11510050198,465.622273985662
115.087486440292,6576.13734830492,213.250919234127
137.662289721181,6587.2465539072,414.646195877249
157.545626219012,6593.55968907689,493.906176
179.139049247371,6599.1612207548,493.906176
200.729882011923,6604.76123744907,493.906176
222.318299066402,6610.35997751928,493.906176
243.904475393574,6615.95767690791,493.906176
265.488586449861,6621.55456915581,493.906176
281.760870869846,6626.47165049909,255.902482757774
84.761257381711,6562.9459022716,0.100513471904457
100.147521323736,6558.93201589676,292.814946329414
120.029189334832,6560.89472836332,493.906176
141.62496731693,6566.50466499686,493.906176
163.217984799729,6572.11236020774,493.906176
184.808416074181,6577.7180573323,493.906176
206.396435746048,6583.32199728771,493.906176
227.982218779849,6588.92441858426,493.906176
249.565940542387,6594.52555733911,493.906176
271.147776845711,6600.12564729086,493.906176
285.310594047789,6604.90030623237,162.324503213423
111.396417524723,6545.95042910293,5.41609856927991
127.306670804383,6541.23288288119,387.659109400085
147.303061183609,6545.05374882548,493.906176
168.89276128403,6550.6657862101,493.906176
190.48005105044,6556.27558339007,493.906176
212.065105496545,6561.88338136106,493.906176
233.648099971485,6567.48941873509,493.906176
255.22921020176,6573.09393175343,493.906176
276.808612332631,6578.69715430049,493.906176
288.689251864102,6584.37893730839,68.7465236690674
136.745280425122,6523.63391236459,135.829521651304
153.212986127669,6523.98058795843,477.385288220915
174.569741683651,6529.21971302904,493.906176
196.153741798876,6534.83354286609,493.906176
217.735680579184,6540.44513159109,493.906176
239.315733733647,6546.05471787072,493.906176
260.894077325525,6551.6625380221,493.906176
282.461641827243,6557.26202850168,493.427622860077
304.170353412434,6557.59636007851,253.047410534817
324.985333684761,6559.59756426409,98.1635266310091
340.191057186629,6561.15656461003,1.59028027924716
162.530546204376,6512.056446236,52.054881071473
179.046013996001,6513.64523683559,225.232608998608
202.770915523783,6514.9328041074,417.056551121558
223.407954908417,6519.00699196664,493.906176
244.944900533728,6524.66213404911,491.549429708117
266.560339425023,6530.23111627833,493.906176
288.134402717702,6535.84040066868,493.906176
309.707282775411,6541.44814295046,493.906176
331.27915720382,6547.05457255939,493.906176
352.557236271,6551.38399265367,438.17164287541
373.892063247013,6553.44810997734,268.190092370373
388.250517973463,6550.98676777848,0.927627979080677
212.985422614135,6503.3676390144,18.6297456645238
230.994062354329,6499.93120248749,355.404349873837
246.182075736656,6503.79535189123,248.72500737255
272.014513447625,6515.03531485553,210.737329514462
294.508650420225,6515.87744166372,423.192583797621
315.369110832879,6520.02204483855,493.906176
336.938426158128,6525.63091661281,493.906176
358.507085131957,6531.23846128932,493.906176
380.075266539745,6536.84490383865,493.906176
397.444837362343,6537.79342640239,202.25120192
240.204172025302,6484.24869197631,78.2698652120177
248.719162047549,6484.72232331059,119.628623201527
302.489495375449,6492.83859595179,357.268908754857
321.031636255489,6498.59526026587,493.906176
342.59823639092,6504.20650139864,493.906176
364.164349193594,6509.81617370087,493.906176
385.730153614634,6515.42450216339,493.906176
406.630135894042,6520.50253219885,457.628749956491
311.264883183896,6472.93238783753,209.212306352385
326.694673109034,6477.16753262362,493.906176
348.258403957604,6482.78106865745,493.906176
369.821814397718,6488.39279398806,493.906176
391.385083536374,6494.00293358157,493.906176
412.070383454598,6499.61464327886,455.735626744171
317.862751662509,6452.41213192262,162.758648467463
332.35803939147,6455.73860758923,493.906176
353.918748811556,6461.35436250063,493.906176
375.4793027255,6466.96806470341,493.906176
397.039880386918,6472.57993909596,493.906176
416.416164274164,6477.93407499107,396.45103922953
323.109784622613,6437.8130489856,41.4852425794934
338.098999829782,6434.39479562232,489.536330553745
359.579094673538,6439.92612936372,493.906176
381.136639888137,6445.54173080496,493.906176
402.694371937784,6451.15526219642,493.906176
420.017587785012,6456.32688351854,304.295769982952
311.01692409001,6403.90817308427,8.04135451666069
317.788471604996,6398.63546120637,71.3838858371506
346.558454576657,6413.93007851539,345.743035140777
365.239268905677,6418.49611795998,493.906176
386.793655200871,6424.11353960643,493.906176
408.348389524247,6429.72864880665,493.906176
423.596689147218,6434.49702149219,210.787191062586
328.890850682077,6386.30195842248,404.316254587055
349.928012317442,6391.11989610853,468.361238555624
370.899102389789,6397.0640792344,493.906176
392.450181461411,6402.683240728,493.906176
414.001767923982,6408.29984723153,493.906176
429.580527414569,6411.32457030026,202.595638974544
337.618318666438,6365.49610734523,302.641165346147
355.011289214174,6370.00592468152,493.906176
376.558429409908,6375.62976631819,493.906176
398.1060548326,6381.25058604762,493.906176
419.65434523999,6386.86860810534,493.906176
439.148106189968,6390.82304004504,376.035496089866
340.90808573653,6343.37102650281,409.303161148346
360.673701351365,6348.56727485239,493.906176
382.21708753885,6354.19293448366,493.906176
403.761114729144,6359.81532965285,493.906176
425.305962787609,6365.43468434057,493.906176
446.844778441764,6371.03970262125,493.467522508614
460.041869180564,6371.58991620667,62.9806963442812
347.188425146667,6329.0091478779,127.820885666148
366.574633142904,6327.50496167257,477.399955163542
387.874917528659,6332.75334109959,493.906176
409.415203708279,6338.37722779343,493.906176
430.956464985494,6343.9978310775,493.906176
452.49888168726,6349.6153725098,493.906176
464.817731134262,6352.7838427895,69.1599051102741
363.158483661719,6293.67683091845,3.65319445320511
373.366276445229,6305.33469159804,433.593524049537
393.531763204796,6311.31074558711,493.906176
415.068167364189,6316.93603883434,493.906176
436.605699250375,6322.55780563456,493.906176
458.144539273567,6328.17626723485,493.906176
474.800139467126,6329.95279415418,209.265859415213
363.740241092927,6291.71391850984,0.622658857289266
382.021163080148,6289.47879306582,167.609890118182
399.187471363915,6289.86490937605,493.906176
420.719854226043,6295.49152320955,493.906176
442.253515895474,6301.11436745937,493.906176
463.788636860808,6306.73366303167,493.906176
484.854420904204,6311.66981117174,461.67721899123
499.986182103094,6308.74292176568,37.4513377408514
391.089525168205,6272.59036293966,17.2805820697916
401.88179109644,6274.13754105832,202.25522806007
427.445315859147,6279.33547517582,243.679185423215
448.071113226833,6279.94597911771,482.120580960649
469.431029356035,6285.28732051101,493.906176
490.964080547273,6290.9037890988,493.906176
509.387222853165,6293.70955156912,301.204494121882
454.89620761313,6265.86480887546,136.83907271332
476.052154230793,6265.61450008698,405.995442089326
496.600775310248,6269.45388574631,493.906176
518.068666097507,6274.96771463371,489.856455435734
534.562379517245,6273.71785844977,112.249559172123
485.180555384044,6244.99661508405,233.765083764449
502.258350209569,6248.03932229499,492.388389331573
523.762822778881,6253.61304523269,493.906176
542.005181088437,6259.39407235415,332.191652521114
511.246190188382,6232.47280291536,175.819315580604
525.893118508429,6235.96110931401,254.224841930475
539.348535113673,6244.9347973874,9.7480669640491
